season,origin_week,target_week,horizon,outcome,state,probability_increasing,probability_decreasing,probability_unchanged
2025/2026,40,41,1,Cases,Abia,0.461,0.536,0.003
2025/2026,40,41,1,Cases,Adamawa,0.365,0.634,0.001
2025/2026,40,41,1,Cases,Akwa Ibom,0.5205,0.475,0.0045
2025/2026,40,41,1,Cases,Anambra,0.749,0.249,0.002
2025/2026,40,41,1,Cases,Bauchi,0.132,0.8675,5e-4
2025/2026,40,41,1,Cases,Bayelsa,0.3175,0.6785,0.004
2025/2026,40,41,1,Cases,Benue,0.187,0.813,0
2025/2026,40,41,1,Cases,Borno,0.3315,0.668,5e-4
2025/2026,40,41,1,Cases,Cross River,0.3475,0.649,0.0035
2025/2026,40,41,1,Cases,Delta,0.5185,0.4785,0.003
2025/2026,40,41,1,Cases,Ebonyi,0.689,0.3085,0.0025
2025/2026,40,41,1,Cases,Edo,0.77,0.228,0.002
2025/2026,40,41,1,Cases,Ekiti,0.517,0.48,0.003
2025/2026,40,41,1,Cases,Enugu,0.437,0.5615,0.0015
2025/2026,40,41,1,Cases,FCT,0.544,0.454,0.002
2025/2026,40,41,1,Cases,Gombe,0.5365,0.461,0.0025
2025/2026,40,41,1,Cases,Imo,0.544,0.455,0.001
2025/2026,40,41,1,Cases,Jigawa,0.345,0.655,0
2025/2026,40,41,1,Cases,Kaduna,0.6905,0.309,5e-4
2025/2026,40,41,1,Cases,Kano,0.5665,0.4335,0
2025/2026,40,41,1,Cases,Katsina,0.501,0.499,0
2025/2026,40,41,1,Cases,Kebbi,0.648,0.3505,0.0015
2025/2026,40,41,1,Cases,Kogi,0.352,0.6465,0.0015
2025/2026,40,41,1,Cases,Kwara,0.2425,0.7575,0
2025/2026,40,41,1,Cases,Lagos,0.6725,0.327,5e-4
2025/2026,40,41,1,Cases,Nasarawa,0.665,0.3335,0.0015
2025/2026,40,41,1,Cases,Niger,0.273,0.727,0
2025/2026,40,41,1,Cases,Ogun,0.445,0.5525,0.0025
2025/2026,40,41,1,Cases,Ondo,0.7025,0.296,0.0015
2025/2026,40,41,1,Cases,Osun,0.5525,0.445,0.0025
2025/2026,40,41,1,Cases,Oyo,0.5035,0.495,0.0015
2025/2026,40,41,1,Cases,Plateau,0.4975,0.5015,0.001
2025/2026,40,41,1,Cases,Rivers,0.5625,0.436,0.0015
2025/2026,40,41,1,Cases,Sokoto,0.6145,0.3855,0
2025/2026,40,41,1,Cases,Taraba,0.6625,0.3355,0.002
2025/2026,40,41,1,Cases,Yobe,0.587,0.4115,0.0015
2025/2026,40,41,1,Cases,Zamfara,0.427,0.5725,5e-4
2025/2026,40,42,2,Cases,Abia,0.545,0.451,0.004
2025/2026,40,42,2,Cases,Adamawa,0.5485,0.451,5e-4
2025/2026,40,42,2,Cases,Akwa Ibom,0.6315,0.3675,0.001
2025/2026,40,42,2,Cases,Anambra,0.6555,0.343,0.0015
2025/2026,40,42,2,Cases,Bauchi,0.3425,0.657,5e-4
2025/2026,40,42,2,Cases,Bayelsa,0.453,0.5445,0.0025
2025/2026,40,42,2,Cases,Benue,0.303,0.6955,0.0015
2025/2026,40,42,2,Cases,Borno,0.548,0.4515,5e-4
2025/2026,40,42,2,Cases,Cross River,0.4615,0.5365,0.002
2025/2026,40,42,2,Cases,Delta,0.616,0.3815,0.0025
2025/2026,40,42,2,Cases,Ebonyi,0.6225,0.373,0.0045
2025/2026,40,42,2,Cases,Edo,0.601,0.397,0.002
2025/2026,40,42,2,Cases,Ekiti,0.637,0.3595,0.0035
2025/2026,40,42,2,Cases,Enugu,0.627,0.372,0.001
2025/2026,40,42,2,Cases,FCT,0.416,0.582,0.002
2025/2026,40,42,2,Cases,Gombe,0.459,0.5405,5e-4
2025/2026,40,42,2,Cases,Imo,0.591,0.408,0.001
2025/2026,40,42,2,Cases,Jigawa,0.526,0.473,0.001
2025/2026,40,42,2,Cases,Kaduna,0.616,0.3835,5e-4
2025/2026,40,42,2,Cases,Kano,0.594,0.406,0
2025/2026,40,42,2,Cases,Katsina,0.479,0.521,0
2025/2026,40,42,2,Cases,Kebbi,0.3845,0.6155,0
2025/2026,40,42,2,Cases,Kogi,0.415,0.584,0.001
2025/2026,40,42,2,Cases,Kwara,0.251,0.747,0.002
2025/2026,40,42,2,Cases,Lagos,0.62,0.38,0
2025/2026,40,42,2,Cases,Nasarawa,0.6215,0.377,0.0015
2025/2026,40,42,2,Cases,Niger,0.412,0.588,0
2025/2026,40,42,2,Cases,Ogun,0.4925,0.5065,0.001
2025/2026,40,42,2,Cases,Ondo,0.549,0.45,0.001
2025/2026,40,42,2,Cases,Osun,0.486,0.5135,5e-4
2025/2026,40,42,2,Cases,Oyo,0.5835,0.416,5e-4
2025/2026,40,42,2,Cases,Plateau,0.56,0.439,0.001
2025/2026,40,42,2,Cases,Rivers,0.4995,0.4995,0.001
2025/2026,40,42,2,Cases,Sokoto,0.3035,0.696,5e-4
2025/2026,40,42,2,Cases,Taraba,0.302,0.696,0.002
2025/2026,40,42,2,Cases,Yobe,0.6645,0.3345,0.001
2025/2026,40,42,2,Cases,Zamfara,0.251,0.748,0.001
2025/2026,40,43,3,Cases,Abia,0.5775,0.421,0.0015
2025/2026,40,43,3,Cases,Adamawa,0.5675,0.432,5e-4
2025/2026,40,43,3,Cases,Akwa Ibom,0.5815,0.4175,0.001
2025/2026,40,43,3,Cases,Anambra,0.543,0.456,0.001
2025/2026,40,43,3,Cases,Bauchi,0.5415,0.458,5e-4
2025/2026,40,43,3,Cases,Bayelsa,0.6035,0.392,0.0045
2025/2026,40,43,3,Cases,Benue,0.548,0.451,0.001
2025/2026,40,43,3,Cases,Borno,0.524,0.4745,0.0015
2025/2026,40,43,3,Cases,Cross River,0.5835,0.415,0.0015
2025/2026,40,43,3,Cases,Delta,0.5575,0.4425,0
2025/2026,40,43,3,Cases,Ebonyi,0.5445,0.454,0.0015
2025/2026,40,43,3,Cases,Edo,0.513,0.486,0.001
2025/2026,40,43,3,Cases,Ekiti,0.594,0.404,0.002
2025/2026,40,43,3,Cases,Enugu,0.5905,0.408,0.0015
2025/2026,40,43,3,Cases,FCT,0.492,0.507,0.001
2025/2026,40,43,3,Cases,Gombe,0.462,0.5365,0.0015
2025/2026,40,43,3,Cases,Imo,0.5895,0.409,0.0015
2025/2026,40,43,3,Cases,Jigawa,0.51,0.49,0
2025/2026,40,43,3,Cases,Kaduna,0.4835,0.516,5e-4
2025/2026,40,43,3,Cases,Kano,0.4385,0.561,5e-4
2025/2026,40,43,3,Cases,Katsina,0.458,0.5405,0.0015
2025/2026,40,43,3,Cases,Kebbi,0.4005,0.598,0.0015
2025/2026,40,43,3,Cases,Kogi,0.5735,0.426,5e-4
2025/2026,40,43,3,Cases,Kwara,0.506,0.4925,0.0015
2025/2026,40,43,3,Cases,Lagos,0.565,0.4345,5e-4
2025/2026,40,43,3,Cases,Nasarawa,0.5145,0.4845,0.001
2025/2026,40,43,3,Cases,Niger,0.577,0.423,0
2025/2026,40,43,3,Cases,Ogun,0.573,0.425,0.002
2025/2026,40,43,3,Cases,Ondo,0.5305,0.469,5e-4
2025/2026,40,43,3,Cases,Osun,0.5455,0.4525,0.002
2025/2026,40,43,3,Cases,Oyo,0.555,0.4445,5e-4
2025/2026,40,43,3,Cases,Plateau,0.533,0.4665,5e-4
2025/2026,40,43,3,Cases,Rivers,0.555,0.444,0.001
2025/2026,40,43,3,Cases,Sokoto,0.3615,0.6365,0.002
2025/2026,40,43,3,Cases,Taraba,0.4215,0.576,0.0025
2025/2026,40,43,3,Cases,Yobe,0.494,0.504,0.002
2025/2026,40,43,3,Cases,Zamfara,0.4095,0.59,5e-4
2025/2026,40,44,4,Cases,Abia,0.575,0.424,0.001
2025/2026,40,44,4,Cases,Adamawa,0.5555,0.4445,0
2025/2026,40,44,4,Cases,Akwa Ibom,0.575,0.424,0.001
2025/2026,40,44,4,Cases,Anambra,0.557,0.4425,5e-4
2025/2026,40,44,4,Cases,Bauchi,0.5615,0.437,0.0015
2025/2026,40,44,4,Cases,Bayelsa,0.614,0.3845,0.0015
2025/2026,40,44,4,Cases,Benue,0.6405,0.3585,0.001
2025/2026,40,44,4,Cases,Borno,0.4755,0.5245,0
2025/2026,40,44,4,Cases,Cross River,0.5925,0.406,0.0015
2025/2026,40,44,4,Cases,Delta,0.5445,0.455,5e-4
2025/2026,40,44,4,Cases,Ebonyi,0.551,0.4475,0.0015
2025/2026,40,44,4,Cases,Edo,0.5525,0.446,0.0015
2025/2026,40,44,4,Cases,Ekiti,0.5745,0.424,0.0015
2025/2026,40,44,4,Cases,Enugu,0.568,0.431,0.001
2025/2026,40,44,4,Cases,FCT,0.585,0.413,0.002
2025/2026,40,44,4,Cases,Gombe,0.4725,0.527,5e-4
2025/2026,40,44,4,Cases,Imo,0.5655,0.4335,0.001
2025/2026,40,44,4,Cases,Jigawa,0.48,0.519,0.001
2025/2026,40,44,4,Cases,Kaduna,0.5175,0.4825,0
2025/2026,40,44,4,Cases,Kano,0.43,0.5695,5e-4
2025/2026,40,44,4,Cases,Katsina,0.4945,0.5045,0.001
2025/2026,40,44,4,Cases,Kebbi,0.49,0.51,0
2025/2026,40,44,4,Cases,Kogi,0.5695,0.429,0.0015
2025/2026,40,44,4,Cases,Kwara,0.657,0.342,0.001
2025/2026,40,44,4,Cases,Lagos,0.5505,0.4495,0
2025/2026,40,44,4,Cases,Nasarawa,0.5255,0.4695,0.005
2025/2026,40,44,4,Cases,Niger,0.599,0.3995,0.0015
2025/2026,40,44,4,Cases,Ogun,0.597,0.402,0.001
2025/2026,40,44,4,Cases,Ondo,0.5465,0.451,0.0025
2025/2026,40,44,4,Cases,Osun,0.603,0.396,0.001
2025/2026,40,44,4,Cases,Oyo,0.58,0.4195,5e-4
2025/2026,40,44,4,Cases,Plateau,0.54,0.4595,5e-4
2025/2026,40,44,4,Cases,Rivers,0.597,0.402,0.001
2025/2026,40,44,4,Cases,Sokoto,0.504,0.4955,5e-4
2025/2026,40,44,4,Cases,Taraba,0.5715,0.4275,0.001
2025/2026,40,44,4,Cases,Yobe,0.4235,0.576,5e-4
2025/2026,40,44,4,Cases,Zamfara,0.543,0.454,0.003
2025/2026,40,45,5,Cases,Abia,0.57,0.4285,0.0015
2025/2026,40,45,5,Cases,Adamawa,0.564,0.436,0
2025/2026,40,45,5,Cases,Akwa Ibom,0.5515,0.448,5e-4
2025/2026,40,45,5,Cases,Anambra,0.563,0.437,0
2025/2026,40,45,5,Cases,Bauchi,0.521,0.479,0
2025/2026,40,45,5,Cases,Bayelsa,0.563,0.4365,5e-4
2025/2026,40,45,5,Cases,Benue,0.58,0.4195,5e-4
2025/2026,40,45,5,Cases,Borno,0.5065,0.4935,0
2025/2026,40,45,5,Cases,Cross River,0.564,0.4345,0.0015
2025/2026,40,45,5,Cases,Delta,0.566,0.433,0.001
2025/2026,40,45,5,Cases,Ebonyi,0.5585,0.4385,0.003
2025/2026,40,45,5,Cases,Edo,0.573,0.426,0.001
2025/2026,40,45,5,Cases,Ekiti,0.554,0.444,0.002
2025/2026,40,45,5,Cases,Enugu,0.5675,0.43,0.0025
2025/2026,40,45,5,Cases,FCT,0.577,0.423,0
2025/2026,40,45,5,Cases,Gombe,0.506,0.4925,0.0015
2025/2026,40,45,5,Cases,Imo,0.5495,0.4495,0.001
2025/2026,40,45,5,Cases,Jigawa,0.5175,0.4825,0
2025/2026,40,45,5,Cases,Kaduna,0.5735,0.426,5e-4
2025/2026,40,45,5,Cases,Kano,0.5415,0.458,5e-4
2025/2026,40,45,5,Cases,Katsina,0.539,0.4605,5e-4
2025/2026,40,45,5,Cases,Kebbi,0.561,0.439,0
2025/2026,40,45,5,Cases,Kogi,0.56,0.439,0.001
2025/2026,40,45,5,Cases,Kwara,0.5735,0.4255,0.001
2025/2026,40,45,5,Cases,Lagos,0.562,0.4375,5e-4
2025/2026,40,45,5,Cases,Nasarawa,0.5555,0.4435,0.001
2025/2026,40,45,5,Cases,Niger,0.569,0.4305,5e-4
2025/2026,40,45,5,Cases,Ogun,0.5595,0.44,5e-4
2025/2026,40,45,5,Cases,Ondo,0.58,0.419,0.001
2025/2026,40,45,5,Cases,Osun,0.579,0.4205,5e-4
2025/2026,40,45,5,Cases,Oyo,0.5645,0.4345,0.001
2025/2026,40,45,5,Cases,Plateau,0.5445,0.454,0.0015
2025/2026,40,45,5,Cases,Rivers,0.566,0.434,0
2025/2026,40,45,5,Cases,Sokoto,0.585,0.4135,0.0015
2025/2026,40,45,5,Cases,Taraba,0.6165,0.3815,0.002
2025/2026,40,45,5,Cases,Yobe,0.528,0.471,0.001
2025/2026,40,45,5,Cases,Zamfara,0.5665,0.4325,0.001
2025/2026,40,46,6,Cases,Abia,0.5515,0.4475,0.001
2025/2026,40,46,6,Cases,Adamawa,0.5555,0.444,5e-4
2025/2026,40,46,6,Cases,Akwa Ibom,0.551,0.4485,5e-4
2025/2026,40,46,6,Cases,Anambra,0.56,0.4395,5e-4
2025/2026,40,46,6,Cases,Bauchi,0.55,0.4495,5e-4
2025/2026,40,46,6,Cases,Bayelsa,0.5505,0.448,0.0015
2025/2026,40,46,6,Cases,Benue,0.5395,0.459,0.0015
2025/2026,40,46,6,Cases,Borno,0.5465,0.4535,0
2025/2026,40,46,6,Cases,Cross River,0.5555,0.4435,0.001
2025/2026,40,46,6,Cases,Delta,0.5595,0.4405,0
2025/2026,40,46,6,Cases,Ebonyi,0.5675,0.4315,0.001
2025/2026,40,46,6,Cases,Edo,0.5725,0.4275,0
2025/2026,40,46,6,Cases,Ekiti,0.5485,0.45,0.0015
2025/2026,40,46,6,Cases,Enugu,0.556,0.4425,0.0015
2025/2026,40,46,6,Cases,FCT,0.5565,0.44,0.0035
2025/2026,40,46,6,Cases,Gombe,0.5655,0.432,0.0025
2025/2026,40,46,6,Cases,Imo,0.554,0.4455,5e-4
2025/2026,40,46,6,Cases,Jigawa,0.533,0.4665,5e-4
2025/2026,40,46,6,Cases,Kaduna,0.559,0.441,0
2025/2026,40,46,6,Cases,Kano,0.5665,0.433,5e-4
2025/2026,40,46,6,Cases,Katsina,0.55,0.45,0
2025/2026,40,46,6,Cases,Kebbi,0.5615,0.438,5e-4
2025/2026,40,46,6,Cases,Kogi,0.5525,0.447,5e-4
2025/2026,40,46,6,Cases,Kwara,0.5385,0.461,5e-4
2025/2026,40,46,6,Cases,Lagos,0.556,0.444,0
2025/2026,40,46,6,Cases,Nasarawa,0.588,0.412,0
2025/2026,40,46,6,Cases,Niger,0.5515,0.448,5e-4
2025/2026,40,46,6,Cases,Ogun,0.543,0.4565,5e-4
2025/2026,40,46,6,Cases,Ondo,0.5655,0.434,5e-4
2025/2026,40,46,6,Cases,Osun,0.5435,0.4555,0.001
2025/2026,40,46,6,Cases,Oyo,0.553,0.446,0.001
2025/2026,40,46,6,Cases,Plateau,0.5815,0.418,5e-4
2025/2026,40,46,6,Cases,Rivers,0.564,0.4345,0.0015
2025/2026,40,46,6,Cases,Sokoto,0.586,0.4125,0.0015
2025/2026,40,46,6,Cases,Taraba,0.5685,0.431,5e-4
2025/2026,40,46,6,Cases,Yobe,0.5715,0.428,5e-4
2025/2026,40,46,6,Cases,Zamfara,0.5675,0.432,5e-4
2025/2026,40,47,7,Cases,Abia,0.5465,0.453,5e-4
2025/2026,40,47,7,Cases,Adamawa,0.564,0.435,0.001
2025/2026,40,47,7,Cases,Akwa Ibom,0.552,0.448,0
2025/2026,40,47,7,Cases,Anambra,0.541,0.458,0.001
2025/2026,40,47,7,Cases,Bauchi,0.546,0.4525,0.0015
2025/2026,40,47,7,Cases,Bayelsa,0.527,0.4705,0.0025
2025/2026,40,47,7,Cases,Benue,0.538,0.462,0
2025/2026,40,47,7,Cases,Borno,0.5795,0.42,5e-4
2025/2026,40,47,7,Cases,Cross River,0.5455,0.454,5e-4
2025/2026,40,47,7,Cases,Delta,0.5545,0.4455,0
2025/2026,40,47,7,Cases,Ebonyi,0.5425,0.4565,0.001
2025/2026,40,47,7,Cases,Edo,0.54,0.459,0.001
2025/2026,40,47,7,Cases,Ekiti,0.557,0.4425,5e-4
2025/2026,40,47,7,Cases,Enugu,0.5555,0.4435,0.001
2025/2026,40,47,7,Cases,FCT,0.5255,0.4735,0.001
2025/2026,40,47,7,Cases,Gombe,0.591,0.4085,5e-4
2025/2026,40,47,7,Cases,Imo,0.544,0.4545,0.0015
2025/2026,40,47,7,Cases,Jigawa,0.5765,0.4235,0
2025/2026,40,47,7,Cases,Kaduna,0.558,0.4405,0.0015
2025/2026,40,47,7,Cases,Kano,0.5695,0.43,5e-4
2025/2026,40,47,7,Cases,Katsina,0.566,0.433,0.001
2025/2026,40,47,7,Cases,Kebbi,0.5725,0.427,5e-4
2025/2026,40,47,7,Cases,Kogi,0.561,0.438,0.001
2025/2026,40,47,7,Cases,Kwara,0.5115,0.488,5e-4
2025/2026,40,47,7,Cases,Lagos,0.5505,0.4495,0
2025/2026,40,47,7,Cases,Nasarawa,0.5715,0.4275,0.001
2025/2026,40,47,7,Cases,Niger,0.5465,0.453,5e-4
2025/2026,40,47,7,Cases,Ogun,0.5425,0.4575,0
2025/2026,40,47,7,Cases,Ondo,0.5505,0.4485,0.001
2025/2026,40,47,7,Cases,Osun,0.5535,0.4455,0.001
2025/2026,40,47,7,Cases,Oyo,0.548,0.4515,5e-4
2025/2026,40,47,7,Cases,Plateau,0.5525,0.447,5e-4
2025/2026,40,47,7,Cases,Rivers,0.522,0.4775,5e-4
2025/2026,40,47,7,Cases,Sokoto,0.5375,0.462,5e-4
2025/2026,40,47,7,Cases,Taraba,0.549,0.449,0.002
2025/2026,40,47,7,Cases,Yobe,0.5705,0.429,5e-4
2025/2026,40,47,7,Cases,Zamfara,0.552,0.4475,5e-4
2025/2026,40,48,8,Cases,Abia,0.562,0.4365,0.0015
2025/2026,40,48,8,Cases,Adamawa,0.549,0.45,0.001
2025/2026,40,48,8,Cases,Akwa Ibom,0.5465,0.453,5e-4
2025/2026,40,48,8,Cases,Anambra,0.554,0.445,0.001
2025/2026,40,48,8,Cases,Bauchi,0.564,0.4345,0.0015
2025/2026,40,48,8,Cases,Bayelsa,0.5415,0.455,0.0035
2025/2026,40,48,8,Cases,Benue,0.534,0.4655,5e-4
2025/2026,40,48,8,Cases,Borno,0.5445,0.4555,0
2025/2026,40,48,8,Cases,Cross River,0.525,0.473,0.002
2025/2026,40,48,8,Cases,Delta,0.535,0.464,0.001
2025/2026,40,48,8,Cases,Ebonyi,0.527,0.4715,0.0015
2025/2026,40,48,8,Cases,Edo,0.5395,0.46,5e-4
2025/2026,40,48,8,Cases,Ekiti,0.5315,0.468,5e-4
2025/2026,40,48,8,Cases,Enugu,0.539,0.4605,5e-4
2025/2026,40,48,8,Cases,FCT,0.533,0.4645,0.0025
2025/2026,40,48,8,Cases,Gombe,0.5625,0.436,0.0015
2025/2026,40,48,8,Cases,Imo,0.537,0.462,0.001
2025/2026,40,48,8,Cases,Jigawa,0.567,0.4325,5e-4
2025/2026,40,48,8,Cases,Kaduna,0.527,0.473,0
2025/2026,40,48,8,Cases,Kano,0.5425,0.4575,0
2025/2026,40,48,8,Cases,Katsina,0.5465,0.453,5e-4
2025/2026,40,48,8,Cases,Kebbi,0.5445,0.455,5e-4
2025/2026,40,48,8,Cases,Kogi,0.5435,0.4555,0.001
2025/2026,40,48,8,Cases,Kwara,0.5375,0.46,0.0025
2025/2026,40,48,8,Cases,Lagos,0.5395,0.46,5e-4
2025/2026,40,48,8,Cases,Nasarawa,0.531,0.4675,0.0015
2025/2026,40,48,8,Cases,Niger,0.543,0.4555,0.0015
2025/2026,40,48,8,Cases,Ogun,0.546,0.453,0.001
2025/2026,40,48,8,Cases,Ondo,0.5275,0.472,5e-4
2025/2026,40,48,8,Cases,Osun,0.546,0.4525,0.0015
2025/2026,40,48,8,Cases,Oyo,0.5395,0.4595,0.001
2025/2026,40,48,8,Cases,Plateau,0.5305,0.4695,0
2025/2026,40,48,8,Cases,Rivers,0.54,0.46,0
2025/2026,40,48,8,Cases,Sokoto,0.532,0.4675,5e-4
2025/2026,40,48,8,Cases,Taraba,0.525,0.475,0
2025/2026,40,48,8,Cases,Yobe,0.546,0.4535,5e-4
2025/2026,40,48,8,Cases,Zamfara,0.562,0.437,0.001
2025/2026,40,49,9,Cases,Abia,0.532,0.467,0.001
2025/2026,40,49,9,Cases,Adamawa,0.517,0.482,0.001
2025/2026,40,49,9,Cases,Akwa Ibom,0.5215,0.478,5e-4
2025/2026,40,49,9,Cases,Anambra,0.54,0.46,0
2025/2026,40,49,9,Cases,Bauchi,0.56,0.439,0.001
2025/2026,40,49,9,Cases,Bayelsa,0.531,0.466,0.003
2025/2026,40,49,9,Cases,Benue,0.53,0.4695,5e-4
2025/2026,40,49,9,Cases,Borno,0.5365,0.4635,0
2025/2026,40,49,9,Cases,Cross River,0.5295,0.47,5e-4
2025/2026,40,49,9,Cases,Delta,0.5335,0.465,0.0015
2025/2026,40,49,9,Cases,Ebonyi,0.5385,0.4605,0.001
2025/2026,40,49,9,Cases,Edo,0.5315,0.4675,0.001
2025/2026,40,49,9,Cases,Ekiti,0.548,0.451,0.001
2025/2026,40,49,9,Cases,Enugu,0.5295,0.4695,0.001
2025/2026,40,49,9,Cases,FCT,0.5275,0.4725,0
2025/2026,40,49,9,Cases,Gombe,0.5255,0.473,0.0015
2025/2026,40,49,9,Cases,Imo,0.5565,0.442,0.0015
2025/2026,40,49,9,Cases,Jigawa,0.545,0.455,0
2025/2026,40,49,9,Cases,Kaduna,0.5335,0.4665,0
2025/2026,40,49,9,Cases,Kano,0.534,0.466,0
2025/2026,40,49,9,Cases,Katsina,0.542,0.457,0.001
2025/2026,40,49,9,Cases,Kebbi,0.5375,0.4615,0.001
2025/2026,40,49,9,Cases,Kogi,0.5345,0.4655,0
2025/2026,40,49,9,Cases,Kwara,0.5375,0.46,0.0025
2025/2026,40,49,9,Cases,Lagos,0.5305,0.4695,0
2025/2026,40,49,9,Cases,Nasarawa,0.5145,0.4845,0.001
2025/2026,40,49,9,Cases,Niger,0.529,0.471,0
2025/2026,40,49,9,Cases,Ogun,0.536,0.464,0
2025/2026,40,49,9,Cases,Ondo,0.5235,0.4755,0.001
2025/2026,40,49,9,Cases,Osun,0.541,0.458,0.001
2025/2026,40,49,9,Cases,Oyo,0.537,0.462,0.001
2025/2026,40,49,9,Cases,Plateau,0.5385,0.4605,0.001
2025/2026,40,49,9,Cases,Rivers,0.528,0.4705,0.0015
2025/2026,40,49,9,Cases,Sokoto,0.5505,0.449,5e-4
2025/2026,40,49,9,Cases,Taraba,0.527,0.4725,5e-4
2025/2026,40,49,9,Cases,Yobe,0.529,0.468,0.003
2025/2026,40,49,9,Cases,Zamfara,0.5355,0.4635,0.001
2025/2026,40,50,10,Cases,Abia,0.5215,0.4755,0.003
2025/2026,40,50,10,Cases,Adamawa,0.553,0.446,0.001
2025/2026,40,50,10,Cases,Akwa Ibom,0.53,0.4695,5e-4
2025/2026,40,50,10,Cases,Anambra,0.5355,0.4645,0
2025/2026,40,50,10,Cases,Bauchi,0.514,0.485,0.001
2025/2026,40,50,10,Cases,Bayelsa,0.5185,0.479,0.0025
2025/2026,40,50,10,Cases,Benue,0.5295,0.4705,0
2025/2026,40,50,10,Cases,Borno,0.5275,0.472,5e-4
2025/2026,40,50,10,Cases,Cross River,0.559,0.4405,5e-4
2025/2026,40,50,10,Cases,Delta,0.5225,0.477,5e-4
2025/2026,40,50,10,Cases,Ebonyi,0.531,0.4685,5e-4
2025/2026,40,50,10,Cases,Edo,0.521,0.4785,5e-4
2025/2026,40,50,10,Cases,Ekiti,0.531,0.4685,5e-4
2025/2026,40,50,10,Cases,Enugu,0.5305,0.4695,0
2025/2026,40,50,10,Cases,FCT,0.523,0.477,0
2025/2026,40,50,10,Cases,Gombe,0.5265,0.473,5e-4
2025/2026,40,50,10,Cases,Imo,0.534,0.4655,5e-4
2025/2026,40,50,10,Cases,Jigawa,0.513,0.487,0
2025/2026,40,50,10,Cases,Kaduna,0.533,0.467,0
2025/2026,40,50,10,Cases,Kano,0.5335,0.4665,0
2025/2026,40,50,10,Cases,Katsina,0.514,0.485,0.001
2025/2026,40,50,10,Cases,Kebbi,0.522,0.4775,5e-4
2025/2026,40,50,10,Cases,Kogi,0.515,0.4845,5e-4
2025/2026,40,50,10,Cases,Kwara,0.5285,0.471,5e-4
2025/2026,40,50,10,Cases,Lagos,0.5135,0.4865,0
2025/2026,40,50,10,Cases,Nasarawa,0.5245,0.475,5e-4
2025/2026,40,50,10,Cases,Niger,0.525,0.4745,5e-4
2025/2026,40,50,10,Cases,Ogun,0.52,0.4785,0.0015
2025/2026,40,50,10,Cases,Ondo,0.5625,0.437,5e-4
2025/2026,40,50,10,Cases,Osun,0.5275,0.4715,0.001
2025/2026,40,50,10,Cases,Oyo,0.5165,0.483,5e-4
2025/2026,40,50,10,Cases,Plateau,0.5425,0.457,5e-4
2025/2026,40,50,10,Cases,Rivers,0.525,0.475,0
2025/2026,40,50,10,Cases,Sokoto,0.5205,0.479,5e-4
2025/2026,40,50,10,Cases,Taraba,0.5165,0.4825,0.001
2025/2026,40,50,10,Cases,Yobe,0.526,0.473,0.001
2025/2026,40,50,10,Cases,Zamfara,0.533,0.4655,0.0015
2025/2026,40,51,11,Cases,Abia,0.523,0.476,0.001
2025/2026,40,51,11,Cases,Adamawa,0.5095,0.4905,0
2025/2026,40,51,11,Cases,Akwa Ibom,0.527,0.471,0.002
2025/2026,40,51,11,Cases,Anambra,0.501,0.4985,5e-4
2025/2026,40,51,11,Cases,Bauchi,0.499,0.5,0.001
2025/2026,40,51,11,Cases,Bayelsa,0.524,0.4745,0.0015
2025/2026,40,51,11,Cases,Benue,0.5145,0.4855,0
2025/2026,40,51,11,Cases,Borno,0.5415,0.458,5e-4
2025/2026,40,51,11,Cases,Cross River,0.5075,0.49,0.0025
2025/2026,40,51,11,Cases,Delta,0.5325,0.467,5e-4
2025/2026,40,51,11,Cases,Ebonyi,0.5255,0.4735,0.001
2025/2026,40,51,11,Cases,Edo,0.5335,0.4655,0.001
2025/2026,40,51,11,Cases,Ekiti,0.522,0.476,0.002
2025/2026,40,51,11,Cases,Enugu,0.523,0.477,0
2025/2026,40,51,11,Cases,FCT,0.5135,0.4865,0
2025/2026,40,51,11,Cases,Gombe,0.5,0.4995,5e-4
2025/2026,40,51,11,Cases,Imo,0.524,0.4755,5e-4
2025/2026,40,51,11,Cases,Jigawa,0.534,0.4655,5e-4
2025/2026,40,51,11,Cases,Kaduna,0.5335,0.4655,0.001
2025/2026,40,51,11,Cases,Kano,0.4995,0.5005,0
2025/2026,40,51,11,Cases,Katsina,0.514,0.485,0.001
2025/2026,40,51,11,Cases,Kebbi,0.512,0.4875,5e-4
2025/2026,40,51,11,Cases,Kogi,0.5365,0.4625,0.001
2025/2026,40,51,11,Cases,Kwara,0.5145,0.4845,0.001
2025/2026,40,51,11,Cases,Lagos,0.5415,0.458,5e-4
2025/2026,40,51,11,Cases,Nasarawa,0.5475,0.4515,0.001
2025/2026,40,51,11,Cases,Niger,0.539,0.4605,5e-4
2025/2026,40,51,11,Cases,Ogun,0.543,0.456,0.001
2025/2026,40,51,11,Cases,Ondo,0.528,0.471,0.001
2025/2026,40,51,11,Cases,Osun,0.5165,0.482,0.0015
2025/2026,40,51,11,Cases,Oyo,0.5195,0.48,5e-4
2025/2026,40,51,11,Cases,Plateau,0.5265,0.472,0.0015
2025/2026,40,51,11,Cases,Rivers,0.5395,0.46,5e-4
2025/2026,40,51,11,Cases,Sokoto,0.5325,0.467,5e-4
2025/2026,40,51,11,Cases,Taraba,0.5325,0.4665,0.001
2025/2026,40,51,11,Cases,Yobe,0.522,0.4775,5e-4
2025/2026,40,51,11,Cases,Zamfara,0.5115,0.4885,0
2025/2026,40,52,12,Cases,Abia,0.538,0.461,0.001
2025/2026,40,52,12,Cases,Adamawa,0.521,0.4785,5e-4
2025/2026,40,52,12,Cases,Akwa Ibom,0.5235,0.4755,0.001
2025/2026,40,52,12,Cases,Anambra,0.5345,0.4645,0.001
2025/2026,40,52,12,Cases,Bauchi,0.512,0.4875,5e-4
2025/2026,40,52,12,Cases,Bayelsa,0.523,0.475,0.002
2025/2026,40,52,12,Cases,Benue,0.5195,0.48,5e-4
2025/2026,40,52,12,Cases,Borno,0.5095,0.4885,0.002
2025/2026,40,52,12,Cases,Cross River,0.536,0.463,0.001
2025/2026,40,52,12,Cases,Delta,0.5285,0.471,5e-4
2025/2026,40,52,12,Cases,Ebonyi,0.5075,0.492,5e-4
2025/2026,40,52,12,Cases,Edo,0.5215,0.4765,0.002
2025/2026,40,52,12,Cases,Ekiti,0.5415,0.457,0.0015
2025/2026,40,52,12,Cases,Enugu,0.5155,0.4845,0
2025/2026,40,52,12,Cases,FCT,0.534,0.4655,5e-4
2025/2026,40,52,12,Cases,Gombe,0.5235,0.476,5e-4
2025/2026,40,52,12,Cases,Imo,0.5165,0.483,5e-4
2025/2026,40,52,12,Cases,Jigawa,0.5165,0.4825,0.001
2025/2026,40,52,12,Cases,Kaduna,0.5235,0.476,5e-4
2025/2026,40,52,12,Cases,Kano,0.527,0.473,0
2025/2026,40,52,12,Cases,Katsina,0.517,0.483,0
2025/2026,40,52,12,Cases,Kebbi,0.499,0.501,0
2025/2026,40,52,12,Cases,Kogi,0.519,0.48,0.001
2025/2026,40,52,12,Cases,Kwara,0.507,0.492,0.001
2025/2026,40,52,12,Cases,Lagos,0.5245,0.4755,0
2025/2026,40,52,12,Cases,Nasarawa,0.5205,0.4785,0.001
2025/2026,40,52,12,Cases,Niger,0.516,0.4825,0.0015
2025/2026,40,52,12,Cases,Ogun,0.515,0.484,0.001
2025/2026,40,52,12,Cases,Ondo,0.516,0.4835,5e-4
2025/2026,40,52,12,Cases,Osun,0.517,0.4825,5e-4
2025/2026,40,52,12,Cases,Oyo,0.523,0.477,0
2025/2026,40,52,12,Cases,Plateau,0.5205,0.4785,0.001
2025/2026,40,52,12,Cases,Rivers,0.5285,0.4695,0.002
2025/2026,40,52,12,Cases,Sokoto,0.502,0.4975,5e-4
2025/2026,40,52,12,Cases,Taraba,0.513,0.487,0
2025/2026,40,52,12,Cases,Yobe,0.523,0.4765,5e-4
2025/2026,40,52,12,Cases,Zamfara,0.5215,0.478,5e-4
2025/2026,40,41,1,Hospitalizations,Abia,0.0735,0.9075,0.019
2025/2026,40,41,1,Hospitalizations,Adamawa,0.1905,0.775,0.0345
2025/2026,40,41,1,Hospitalizations,Akwa Ibom,0.1855,0.771,0.0435
2025/2026,40,41,1,Hospitalizations,Anambra,0.3105,0.6355,0.054
2025/2026,40,41,1,Hospitalizations,Bauchi,0.616,0.342,0.042
2025/2026,40,41,1,Hospitalizations,Bayelsa,0.7395,0.0885,0.172
2025/2026,40,41,1,Hospitalizations,Benue,0.5955,0.3635,0.041
2025/2026,40,41,1,Hospitalizations,Borno,0.401,0.542,0.057
2025/2026,40,41,1,Hospitalizations,Cross River,0.6255,0.265,0.1095
2025/2026,40,41,1,Hospitalizations,Delta,0.712,0.1895,0.0985
2025/2026,40,41,1,Hospitalizations,Ebonyi,0.2545,0.68,0.0655
2025/2026,40,41,1,Hospitalizations,Edo,0.397,0.537,0.066
2025/2026,40,41,1,Hospitalizations,Ekiti,0.238,0.677,0.085
2025/2026,40,41,1,Hospitalizations,Enugu,0.2055,0.746,0.0485
2025/2026,40,41,1,Hospitalizations,FCT,0.6935,0.2515,0.055
2025/2026,40,41,1,Hospitalizations,Gombe,0.7385,0.176,0.0855
2025/2026,40,41,1,Hospitalizations,Imo,0.6295,0.2675,0.103
2025/2026,40,41,1,Hospitalizations,Jigawa,0.672,0.248,0.08
2025/2026,40,41,1,Hospitalizations,Kaduna,0.4805,0.4705,0.049
2025/2026,40,41,1,Hospitalizations,Kano,0.2685,0.721,0.0105
2025/2026,40,41,1,Hospitalizations,Katsina,0.2055,0.778,0.0165
2025/2026,40,41,1,Hospitalizations,Kebbi,0.3885,0.5765,0.035
2025/2026,40,41,1,Hospitalizations,Kogi,0.53,0.3955,0.0745
2025/2026,40,41,1,Hospitalizations,Kwara,0.6345,0.2945,0.071
2025/2026,40,41,1,Hospitalizations,Lagos,0.4305,0.535,0.0345
2025/2026,40,41,1,Hospitalizations,Nasarawa,0.273,0.6545,0.0725
2025/2026,40,41,1,Hospitalizations,Niger,0.891,0.0645,0.0445
2025/2026,40,41,1,Hospitalizations,Ogun,0.629,0.297,0.074
2025/2026,40,41,1,Hospitalizations,Ondo,0.319,0.6275,0.0535
2025/2026,40,41,1,Hospitalizations,Osun,0.6125,0.2945,0.093
2025/2026,40,41,1,Hospitalizations,Oyo,0.7015,0.2355,0.063
2025/2026,40,41,1,Hospitalizations,Plateau,0.419,0.508,0.073
2025/2026,40,41,1,Hospitalizations,Rivers,0.6605,0.2755,0.064
2025/2026,40,41,1,Hospitalizations,Sokoto,0.474,0.4875,0.0385
2025/2026,40,41,1,Hospitalizations,Taraba,0.727,0.2105,0.0625
2025/2026,40,41,1,Hospitalizations,Yobe,0.1495,0.815,0.0355
2025/2026,40,41,1,Hospitalizations,Zamfara,0.802,0.1615,0.0365
2025/2026,40,42,2,Hospitalizations,Abia,0.4255,0.5055,0.069
2025/2026,40,42,2,Hospitalizations,Adamawa,0.4695,0.458,0.0725
2025/2026,40,42,2,Hospitalizations,Akwa Ibom,0.536,0.386,0.078
2025/2026,40,42,2,Hospitalizations,Anambra,0.6285,0.321,0.0505
2025/2026,40,42,2,Hospitalizations,Bauchi,0.3555,0.5985,0.046
2025/2026,40,42,2,Hospitalizations,Bayelsa,0.452,0.4105,0.1375
2025/2026,40,42,2,Hospitalizations,Benue,0.2895,0.667,0.0435
2025/2026,40,42,2,Hospitalizations,Borno,0.515,0.432,0.053
2025/2026,40,42,2,Hospitalizations,Cross River,0.442,0.4775,0.0805
2025/2026,40,42,2,Hospitalizations,Delta,0.608,0.3305,0.0615
2025/2026,40,42,2,Hospitalizations,Ebonyi,0.53,0.3855,0.0845
2025/2026,40,42,2,Hospitalizations,Edo,0.5535,0.3885,0.058
2025/2026,40,42,2,Hospitalizations,Ekiti,0.516,0.3665,0.1175
2025/2026,40,42,2,Hospitalizations,Enugu,0.5455,0.3695,0.085
2025/2026,40,42,2,Hospitalizations,FCT,0.4225,0.525,0.0525
2025/2026,40,42,2,Hospitalizations,Gombe,0.505,0.437,0.058
2025/2026,40,42,2,Hospitalizations,Imo,0.5635,0.372,0.0645
2025/2026,40,42,2,Hospitalizations,Jigawa,0.5345,0.4095,0.056
2025/2026,40,42,2,Hospitalizations,Kaduna,0.595,0.365,0.04
2025/2026,40,42,2,Hospitalizations,Kano,0.5755,0.408,0.0165
2025/2026,40,42,2,Hospitalizations,Katsina,0.4275,0.536,0.0365
2025/2026,40,42,2,Hospitalizations,Kebbi,0.3545,0.5925,0.053
2025/2026,40,42,2,Hospitalizations,Kogi,0.4055,0.5345,0.06
2025/2026,40,42,2,Hospitalizations,Kwara,0.264,0.6665,0.0695
2025/2026,40,42,2,Hospitalizations,Lagos,0.5985,0.377,0.0245
2025/2026,40,42,2,Hospitalizations,Nasarawa,0.567,0.351,0.082
2025/2026,40,42,2,Hospitalizations,Niger,0.482,0.459,0.059
2025/2026,40,42,2,Hospitalizations,Ogun,0.4675,0.4695,0.063
2025/2026,40,42,2,Hospitalizations,Ondo,0.501,0.435,0.064
2025/2026,40,42,2,Hospitalizations,Osun,0.4445,0.4685,0.087
2025/2026,40,42,2,Hospitalizations,Oyo,0.5795,0.3755,0.045
2025/2026,40,42,2,Hospitalizations,Plateau,0.519,0.4045,0.0765
2025/2026,40,42,2,Hospitalizations,Rivers,0.4855,0.4655,0.049
2025/2026,40,42,2,Hospitalizations,Sokoto,0.2815,0.6885,0.03
2025/2026,40,42,2,Hospitalizations,Taraba,0.313,0.622,0.065
2025/2026,40,42,2,Hospitalizations,Yobe,0.555,0.3725,0.0725
2025/2026,40,42,2,Hospitalizations,Zamfara,0.3055,0.652,0.0425
2025/2026,40,43,3,Hospitalizations,Abia,0.516,0.4175,0.0665
2025/2026,40,43,3,Hospitalizations,Adamawa,0.514,0.424,0.062
2025/2026,40,43,3,Hospitalizations,Akwa Ibom,0.536,0.407,0.057
2025/2026,40,43,3,Hospitalizations,Anambra,0.513,0.4385,0.0485
2025/2026,40,43,3,Hospitalizations,Bauchi,0.508,0.443,0.049
2025/2026,40,43,3,Hospitalizations,Bayelsa,0.4985,0.3655,0.136
2025/2026,40,43,3,Hospitalizations,Benue,0.4465,0.495,0.0585
2025/2026,40,43,3,Hospitalizations,Borno,0.522,0.434,0.044
2025/2026,40,43,3,Hospitalizations,Cross River,0.5295,0.396,0.0745
2025/2026,40,43,3,Hospitalizations,Delta,0.574,0.3805,0.0455
2025/2026,40,43,3,Hospitalizations,Ebonyi,0.497,0.424,0.079
2025/2026,40,43,3,Hospitalizations,Edo,0.477,0.472,0.051
2025/2026,40,43,3,Hospitalizations,Ekiti,0.541,0.3725,0.0865
2025/2026,40,43,3,Hospitalizations,Enugu,0.5655,0.371,0.0635
2025/2026,40,43,3,Hospitalizations,FCT,0.464,0.488,0.048
2025/2026,40,43,3,Hospitalizations,Gombe,0.4615,0.4775,0.061
2025/2026,40,43,3,Hospitalizations,Imo,0.5395,0.4015,0.059
2025/2026,40,43,3,Hospitalizations,Jigawa,0.509,0.4445,0.0465
2025/2026,40,43,3,Hospitalizations,Kaduna,0.4945,0.468,0.0375
2025/2026,40,43,3,Hospitalizations,Kano,0.475,0.5025,0.0225
2025/2026,40,43,3,Hospitalizations,Katsina,0.425,0.5395,0.0355
2025/2026,40,43,3,Hospitalizations,Kebbi,0.378,0.5765,0.0455
2025/2026,40,43,3,Hospitalizations,Kogi,0.519,0.4195,0.0615
2025/2026,40,43,3,Hospitalizations,Kwara,0.422,0.4925,0.0855
2025/2026,40,43,3,Hospitalizations,Lagos,0.5545,0.427,0.0185
2025/2026,40,43,3,Hospitalizations,Nasarawa,0.4835,0.4385,0.078
2025/2026,40,43,3,Hospitalizations,Niger,0.5235,0.4175,0.059
2025/2026,40,43,3,Hospitalizations,Ogun,0.533,0.4095,0.0575
2025/2026,40,43,3,Hospitalizations,Ondo,0.4715,0.473,0.0555
2025/2026,40,43,3,Hospitalizations,Osun,0.4595,0.4625,0.078
2025/2026,40,43,3,Hospitalizations,Oyo,0.545,0.414,0.041
2025/2026,40,43,3,Hospitalizations,Plateau,0.504,0.4345,0.0615
2025/2026,40,43,3,Hospitalizations,Rivers,0.519,0.44,0.041
2025/2026,40,43,3,Hospitalizations,Sokoto,0.3235,0.6375,0.039
2025/2026,40,43,3,Hospitalizations,Taraba,0.3525,0.5665,0.081
2025/2026,40,43,3,Hospitalizations,Yobe,0.4845,0.45,0.0655
2025/2026,40,43,3,Hospitalizations,Zamfara,0.375,0.5675,0.0575
2025/2026,40,44,4,Hospitalizations,Abia,0.518,0.423,0.059
2025/2026,40,44,4,Hospitalizations,Adamawa,0.5185,0.4295,0.052
2025/2026,40,44,4,Hospitalizations,Akwa Ibom,0.527,0.424,0.049
2025/2026,40,44,4,Hospitalizations,Anambra,0.5215,0.437,0.0415
2025/2026,40,44,4,Hospitalizations,Bauchi,0.548,0.405,0.047
2025/2026,40,44,4,Hospitalizations,Bayelsa,0.5185,0.364,0.1175
2025/2026,40,44,4,Hospitalizations,Benue,0.5935,0.364,0.0425
2025/2026,40,44,4,Hospitalizations,Borno,0.4785,0.4775,0.044
2025/2026,40,44,4,Hospitalizations,Cross River,0.539,0.395,0.066
2025/2026,40,44,4,Hospitalizations,Delta,0.524,0.431,0.045
2025/2026,40,44,4,Hospitalizations,Ebonyi,0.4855,0.436,0.0785
2025/2026,40,44,4,Hospitalizations,Edo,0.499,0.4495,0.0515
2025/2026,40,44,4,Hospitalizations,Ekiti,0.502,0.4145,0.0835
2025/2026,40,44,4,Hospitalizations,Enugu,0.5265,0.415,0.0585
2025/2026,40,44,4,Hospitalizations,FCT,0.5385,0.412,0.0495
2025/2026,40,44,4,Hospitalizations,Gombe,0.463,0.4735,0.0635
2025/2026,40,44,4,Hospitalizations,Imo,0.5155,0.433,0.0515
2025/2026,40,44,4,Hospitalizations,Jigawa,0.4665,0.486,0.0475
2025/2026,40,44,4,Hospitalizations,Kaduna,0.4725,0.496,0.0315
2025/2026,40,44,4,Hospitalizations,Kano,0.4155,0.5635,0.021
2025/2026,40,44,4,Hospitalizations,Katsina,0.459,0.507,0.034
2025/2026,40,44,4,Hospitalizations,Kebbi,0.4495,0.4925,0.058
2025/2026,40,44,4,Hospitalizations,Kogi,0.554,0.3855,0.0605
2025/2026,40,44,4,Hospitalizations,Kwara,0.5715,0.3555,0.073
2025/2026,40,44,4,Hospitalizations,Lagos,0.521,0.4615,0.0175
2025/2026,40,44,4,Hospitalizations,Nasarawa,0.4715,0.4505,0.078
2025/2026,40,44,4,Hospitalizations,Niger,0.581,0.3725,0.0465
2025/2026,40,44,4,Hospitalizations,Ogun,0.559,0.397,0.044
2025/2026,40,44,4,Hospitalizations,Ondo,0.4855,0.45,0.0645
2025/2026,40,44,4,Hospitalizations,Osun,0.5255,0.397,0.0775
2025/2026,40,44,4,Hospitalizations,Oyo,0.541,0.4165,0.0425
2025/2026,40,44,4,Hospitalizations,Plateau,0.503,0.4325,0.0645
2025/2026,40,44,4,Hospitalizations,Rivers,0.539,0.412,0.049
2025/2026,40,44,4,Hospitalizations,Sokoto,0.4545,0.4925,0.053
2025/2026,40,44,4,Hospitalizations,Taraba,0.494,0.418,0.088
2025/2026,40,44,4,Hospitalizations,Yobe,0.3945,0.544,0.0615
2025/2026,40,44,4,Hospitalizations,Zamfara,0.496,0.4455,0.0585
2025/2026,40,45,5,Hospitalizations,Abia,0.5315,0.4185,0.05
2025/2026,40,45,5,Hospitalizations,Adamawa,0.5075,0.435,0.0575
2025/2026,40,45,5,Hospitalizations,Akwa Ibom,0.5215,0.4255,0.053
2025/2026,40,45,5,Hospitalizations,Anambra,0.5225,0.4365,0.041
2025/2026,40,45,5,Hospitalizations,Bauchi,0.504,0.459,0.037
2025/2026,40,45,5,Hospitalizations,Bayelsa,0.531,0.3815,0.0875
2025/2026,40,45,5,Hospitalizations,Benue,0.5655,0.3925,0.042
2025/2026,40,45,5,Hospitalizations,Borno,0.47,0.479,0.051
2025/2026,40,45,5,Hospitalizations,Cross River,0.5465,0.3875,0.066
2025/2026,40,45,5,Hospitalizations,Delta,0.528,0.432,0.04
2025/2026,40,45,5,Hospitalizations,Ebonyi,0.5035,0.423,0.0735
2025/2026,40,45,5,Hospitalizations,Edo,0.528,0.4185,0.0535
2025/2026,40,45,5,Hospitalizations,Ekiti,0.504,0.4225,0.0735
2025/2026,40,45,5,Hospitalizations,Enugu,0.5035,0.4435,0.053
2025/2026,40,45,5,Hospitalizations,FCT,0.542,0.4055,0.0525
2025/2026,40,45,5,Hospitalizations,Gombe,0.498,0.4445,0.0575
2025/2026,40,45,5,Hospitalizations,Imo,0.54,0.411,0.049
2025/2026,40,45,5,Hospitalizations,Jigawa,0.4965,0.4595,0.044
2025/2026,40,45,5,Hospitalizations,Kaduna,0.5225,0.4375,0.04
2025/2026,40,45,5,Hospitalizations,Kano,0.52,0.4585,0.0215
2025/2026,40,45,5,Hospitalizations,Katsina,0.5145,0.451,0.0345
2025/2026,40,45,5,Hospitalizations,Kebbi,0.5155,0.433,0.0515
2025/2026,40,45,5,Hospitalizations,Kogi,0.5225,0.431,0.0465
2025/2026,40,45,5,Hospitalizations,Kwara,0.5665,0.372,0.0615
2025/2026,40,45,5,Hospitalizations,Lagos,0.537,0.4445,0.0185
2025/2026,40,45,5,Hospitalizations,Nasarawa,0.482,0.4445,0.0735
2025/2026,40,45,5,Hospitalizations,Niger,0.549,0.413,0.038
2025/2026,40,45,5,Hospitalizations,Ogun,0.5345,0.435,0.0305
2025/2026,40,45,5,Hospitalizations,Ondo,0.55,0.3965,0.0535
2025/2026,40,45,5,Hospitalizations,Osun,0.5425,0.3925,0.065
2025/2026,40,45,5,Hospitalizations,Oyo,0.5325,0.4355,0.032
2025/2026,40,45,5,Hospitalizations,Plateau,0.51,0.4345,0.0555
2025/2026,40,45,5,Hospitalizations,Rivers,0.533,0.431,0.036
2025/2026,40,45,5,Hospitalizations,Sokoto,0.538,0.4125,0.0495
2025/2026,40,45,5,Hospitalizations,Taraba,0.555,0.378,0.067
2025/2026,40,45,5,Hospitalizations,Yobe,0.4705,0.456,0.0735
2025/2026,40,45,5,Hospitalizations,Zamfara,0.5115,0.4265,0.062
2025/2026,40,46,6,Hospitalizations,Abia,0.525,0.431,0.044
2025/2026,40,46,6,Hospitalizations,Adamawa,0.5225,0.4235,0.054
2025/2026,40,46,6,Hospitalizations,Akwa Ibom,0.491,0.462,0.047
2025/2026,40,46,6,Hospitalizations,Anambra,0.5245,0.442,0.0335
2025/2026,40,46,6,Hospitalizations,Bauchi,0.4945,0.469,0.0365
2025/2026,40,46,6,Hospitalizations,Bayelsa,0.475,0.426,0.099
2025/2026,40,46,6,Hospitalizations,Benue,0.5295,0.4305,0.04
2025/2026,40,46,6,Hospitalizations,Borno,0.515,0.4375,0.0475
2025/2026,40,46,6,Hospitalizations,Cross River,0.5085,0.4175,0.074
2025/2026,40,46,6,Hospitalizations,Delta,0.5405,0.4185,0.041
2025/2026,40,46,6,Hospitalizations,Ebonyi,0.5095,0.422,0.0685
2025/2026,40,46,6,Hospitalizations,Edo,0.5475,0.3995,0.053
2025/2026,40,46,6,Hospitalizations,Ekiti,0.5025,0.4245,0.073
2025/2026,40,46,6,Hospitalizations,Enugu,0.5135,0.4395,0.047
2025/2026,40,46,6,Hospitalizations,FCT,0.53,0.4285,0.0415
2025/2026,40,46,6,Hospitalizations,Gombe,0.515,0.4295,0.0555
2025/2026,40,46,6,Hospitalizations,Imo,0.5225,0.4345,0.043
2025/2026,40,46,6,Hospitalizations,Jigawa,0.5125,0.443,0.0445
2025/2026,40,46,6,Hospitalizations,Kaduna,0.5525,0.4195,0.028
2025/2026,40,46,6,Hospitalizations,Kano,0.5535,0.429,0.0175
2025/2026,40,46,6,Hospitalizations,Katsina,0.523,0.4495,0.0275
2025/2026,40,46,6,Hospitalizations,Kebbi,0.53,0.4175,0.0525
2025/2026,40,46,6,Hospitalizations,Kogi,0.529,0.4185,0.0525
2025/2026,40,46,6,Hospitalizations,Kwara,0.5015,0.44,0.0585
2025/2026,40,46,6,Hospitalizations,Lagos,0.546,0.4355,0.0185
2025/2026,40,46,6,Hospitalizations,Nasarawa,0.5225,0.3985,0.079
2025/2026,40,46,6,Hospitalizations,Niger,0.533,0.426,0.041
2025/2026,40,46,6,Hospitalizations,Ogun,0.5235,0.431,0.0455
2025/2026,40,46,6,Hospitalizations,Ondo,0.5245,0.4265,0.049
2025/2026,40,46,6,Hospitalizations,Osun,0.512,0.42,0.068
2025/2026,40,46,6,Hospitalizations,Oyo,0.5235,0.4405,0.036
2025/2026,40,46,6,Hospitalizations,Plateau,0.535,0.41,0.055
2025/2026,40,46,6,Hospitalizations,Rivers,0.5425,0.426,0.0315
2025/2026,40,46,6,Hospitalizations,Sokoto,0.5455,0.4075,0.047
2025/2026,40,46,6,Hospitalizations,Taraba,0.5365,0.399,0.0645
2025/2026,40,46,6,Hospitalizations,Yobe,0.5215,0.407,0.0715
2025/2026,40,46,6,Hospitalizations,Zamfara,0.53,0.4165,0.0535
2025/2026,40,47,7,Hospitalizations,Abia,0.517,0.4365,0.0465
2025/2026,40,47,7,Hospitalizations,Adamawa,0.527,0.42,0.053
2025/2026,40,47,7,Hospitalizations,Akwa Ibom,0.523,0.4345,0.0425
2025/2026,40,47,7,Hospitalizations,Anambra,0.507,0.4595,0.0335
2025/2026,40,47,7,Hospitalizations,Bauchi,0.507,0.4535,0.0395
2025/2026,40,47,7,Hospitalizations,Bayelsa,0.4965,0.4165,0.087
2025/2026,40,47,7,Hospitalizations,Benue,0.52,0.441,0.039
2025/2026,40,47,7,Hospitalizations,Borno,0.543,0.4105,0.0465
2025/2026,40,47,7,Hospitalizations,Cross River,0.496,0.443,0.061
2025/2026,40,47,7,Hospitalizations,Delta,0.5265,0.4415,0.032
2025/2026,40,47,7,Hospitalizations,Ebonyi,0.488,0.437,0.075
2025/2026,40,47,7,Hospitalizations,Edo,0.5205,0.44,0.0395
2025/2026,40,47,7,Hospitalizations,Ekiti,0.5055,0.433,0.0615
2025/2026,40,47,7,Hospitalizations,Enugu,0.52,0.435,0.045
2025/2026,40,47,7,Hospitalizations,FCT,0.518,0.447,0.035
2025/2026,40,47,7,Hospitalizations,Gombe,0.535,0.412,0.053
2025/2026,40,47,7,Hospitalizations,Imo,0.527,0.431,0.042
2025/2026,40,47,7,Hospitalizations,Jigawa,0.531,0.4215,0.0475
2025/2026,40,47,7,Hospitalizations,Kaduna,0.539,0.43,0.031
2025/2026,40,47,7,Hospitalizations,Kano,0.547,0.4355,0.0175
2025/2026,40,47,7,Hospitalizations,Katsina,0.5315,0.4345,0.034
2025/2026,40,47,7,Hospitalizations,Kebbi,0.519,0.4345,0.0465
2025/2026,40,47,7,Hospitalizations,Kogi,0.5095,0.4455,0.045
2025/2026,40,47,7,Hospitalizations,Kwara,0.496,0.4505,0.0535
2025/2026,40,47,7,Hospitalizations,Lagos,0.534,0.449,0.017
2025/2026,40,47,7,Hospitalizations,Nasarawa,0.5245,0.4155,0.06
2025/2026,40,47,7,Hospitalizations,Niger,0.5175,0.447,0.0355
2025/2026,40,47,7,Hospitalizations,Ogun,0.5165,0.4445,0.039
2025/2026,40,47,7,Hospitalizations,Ondo,0.515,0.4385,0.0465
2025/2026,40,47,7,Hospitalizations,Osun,0.4825,0.4625,0.055
2025/2026,40,47,7,Hospitalizations,Oyo,0.5225,0.4465,0.031
2025/2026,40,47,7,Hospitalizations,Plateau,0.5335,0.4205,0.046
2025/2026,40,47,7,Hospitalizations,Rivers,0.527,0.44,0.033
2025/2026,40,47,7,Hospitalizations,Sokoto,0.514,0.444,0.042
2025/2026,40,47,7,Hospitalizations,Taraba,0.508,0.4295,0.0625
2025/2026,40,47,7,Hospitalizations,Yobe,0.533,0.4095,0.0575
2025/2026,40,47,7,Hospitalizations,Zamfara,0.5175,0.435,0.0475
2025/2026,40,48,8,Hospitalizations,Abia,0.497,0.456,0.047
2025/2026,40,48,8,Hospitalizations,Adamawa,0.5015,0.46,0.0385
2025/2026,40,48,8,Hospitalizations,Akwa Ibom,0.506,0.45,0.044
2025/2026,40,48,8,Hospitalizations,Anambra,0.5145,0.4535,0.032
2025/2026,40,48,8,Hospitalizations,Bauchi,0.524,0.444,0.032
2025/2026,40,48,8,Hospitalizations,Bayelsa,0.482,0.4395,0.0785
2025/2026,40,48,8,Hospitalizations,Benue,0.514,0.447,0.039
2025/2026,40,48,8,Hospitalizations,Borno,0.523,0.4355,0.0415
2025/2026,40,48,8,Hospitalizations,Cross River,0.491,0.4535,0.0555
2025/2026,40,48,8,Hospitalizations,Delta,0.5015,0.457,0.0415
2025/2026,40,48,8,Hospitalizations,Ebonyi,0.4985,0.437,0.0645
2025/2026,40,48,8,Hospitalizations,Edo,0.5155,0.4455,0.039
2025/2026,40,48,8,Hospitalizations,Ekiti,0.5085,0.431,0.0605
2025/2026,40,48,8,Hospitalizations,Enugu,0.516,0.441,0.043
2025/2026,40,48,8,Hospitalizations,FCT,0.5,0.46,0.04
2025/2026,40,48,8,Hospitalizations,Gombe,0.511,0.4385,0.0505
2025/2026,40,48,8,Hospitalizations,Imo,0.5075,0.4495,0.043
2025/2026,40,48,8,Hospitalizations,Jigawa,0.524,0.4375,0.0385
2025/2026,40,48,8,Hospitalizations,Kaduna,0.494,0.4805,0.0255
2025/2026,40,48,8,Hospitalizations,Kano,0.5405,0.4455,0.014
2025/2026,40,48,8,Hospitalizations,Katsina,0.535,0.433,0.032
2025/2026,40,48,8,Hospitalizations,Kebbi,0.5145,0.438,0.0475
2025/2026,40,48,8,Hospitalizations,Kogi,0.5055,0.457,0.0375
2025/2026,40,48,8,Hospitalizations,Kwara,0.4925,0.453,0.0545
2025/2026,40,48,8,Hospitalizations,Lagos,0.5175,0.4665,0.016
2025/2026,40,48,8,Hospitalizations,Nasarawa,0.5055,0.4385,0.056
2025/2026,40,48,8,Hospitalizations,Niger,0.52,0.4385,0.0415
2025/2026,40,48,8,Hospitalizations,Ogun,0.5075,0.4535,0.039
2025/2026,40,48,8,Hospitalizations,Ondo,0.4985,0.456,0.0455
2025/2026,40,48,8,Hospitalizations,Osun,0.504,0.4425,0.0535
2025/2026,40,48,8,Hospitalizations,Oyo,0.502,0.4635,0.0345
2025/2026,40,48,8,Hospitalizations,Plateau,0.5065,0.4505,0.043
2025/2026,40,48,8,Hospitalizations,Rivers,0.514,0.449,0.037
2025/2026,40,48,8,Hospitalizations,Sokoto,0.52,0.4405,0.0395
2025/2026,40,48,8,Hospitalizations,Taraba,0.49,0.451,0.059
2025/2026,40,48,8,Hospitalizations,Yobe,0.493,0.453,0.054
2025/2026,40,48,8,Hospitalizations,Zamfara,0.514,0.438,0.048
2025/2026,40,49,9,Hospitalizations,Abia,0.5115,0.4455,0.043
2025/2026,40,49,9,Hospitalizations,Adamawa,0.5035,0.449,0.0475
2025/2026,40,49,9,Hospitalizations,Akwa Ibom,0.505,0.4545,0.0405
2025/2026,40,49,9,Hospitalizations,Anambra,0.52,0.4455,0.0345
2025/2026,40,49,9,Hospitalizations,Bauchi,0.551,0.4265,0.0225
2025/2026,40,49,9,Hospitalizations,Bayelsa,0.476,0.4485,0.0755
2025/2026,40,49,9,Hospitalizations,Benue,0.4955,0.471,0.0335
2025/2026,40,49,9,Hospitalizations,Borno,0.5055,0.4585,0.036
2025/2026,40,49,9,Hospitalizations,Cross River,0.502,0.4455,0.0525
2025/2026,40,49,9,Hospitalizations,Delta,0.5325,0.4335,0.034
2025/2026,40,49,9,Hospitalizations,Ebonyi,0.5115,0.434,0.0545
2025/2026,40,49,9,Hospitalizations,Edo,0.5025,0.4635,0.034
2025/2026,40,49,9,Hospitalizations,Ekiti,0.4985,0.4385,0.063
2025/2026,40,49,9,Hospitalizations,Enugu,0.498,0.451,0.051
2025/2026,40,49,9,Hospitalizations,FCT,0.516,0.448,0.036
2025/2026,40,49,9,Hospitalizations,Gombe,0.504,0.448,0.048
2025/2026,40,49,9,Hospitalizations,Imo,0.503,0.459,0.038
2025/2026,40,49,9,Hospitalizations,Jigawa,0.5045,0.455,0.0405
2025/2026,40,49,9,Hospitalizations,Kaduna,0.505,0.4675,0.0275
2025/2026,40,49,9,Hospitalizations,Kano,0.518,0.47,0.012
2025/2026,40,49,9,Hospitalizations,Katsina,0.522,0.455,0.023
2025/2026,40,49,9,Hospitalizations,Kebbi,0.517,0.447,0.036
2025/2026,40,49,9,Hospitalizations,Kogi,0.518,0.445,0.037
2025/2026,40,49,9,Hospitalizations,Kwara,0.523,0.42,0.057
2025/2026,40,49,9,Hospitalizations,Lagos,0.5145,0.4735,0.012
2025/2026,40,49,9,Hospitalizations,Nasarawa,0.4865,0.4655,0.048
2025/2026,40,49,9,Hospitalizations,Niger,0.5125,0.453,0.0345
2025/2026,40,49,9,Hospitalizations,Ogun,0.5145,0.4495,0.036
2025/2026,40,49,9,Hospitalizations,Ondo,0.4885,0.4735,0.038
2025/2026,40,49,9,Hospitalizations,Osun,0.528,0.4245,0.0475
2025/2026,40,49,9,Hospitalizations,Oyo,0.514,0.4565,0.0295
2025/2026,40,49,9,Hospitalizations,Plateau,0.5155,0.4425,0.042
2025/2026,40,49,9,Hospitalizations,Rivers,0.514,0.4555,0.0305
2025/2026,40,49,9,Hospitalizations,Sokoto,0.5085,0.4575,0.034
2025/2026,40,49,9,Hospitalizations,Taraba,0.4865,0.4585,0.055
2025/2026,40,49,9,Hospitalizations,Yobe,0.5025,0.4335,0.064
2025/2026,40,49,9,Hospitalizations,Zamfara,0.503,0.446,0.051
2025/2026,40,50,10,Hospitalizations,Abia,0.5,0.46,0.04
2025/2026,40,50,10,Hospitalizations,Adamawa,0.499,0.4565,0.0445
2025/2026,40,50,10,Hospitalizations,Akwa Ibom,0.504,0.4555,0.0405
2025/2026,40,50,10,Hospitalizations,Anambra,0.5285,0.4515,0.02
2025/2026,40,50,10,Hospitalizations,Bauchi,0.5105,0.4635,0.026
2025/2026,40,50,10,Hospitalizations,Bayelsa,0.4825,0.4415,0.076
2025/2026,40,50,10,Hospitalizations,Benue,0.506,0.462,0.032
2025/2026,40,50,10,Hospitalizations,Borno,0.506,0.459,0.035
2025/2026,40,50,10,Hospitalizations,Cross River,0.5115,0.432,0.0565
2025/2026,40,50,10,Hospitalizations,Delta,0.4905,0.4785,0.031
2025/2026,40,50,10,Hospitalizations,Ebonyi,0.5105,0.439,0.0505
2025/2026,40,50,10,Hospitalizations,Edo,0.494,0.4595,0.0465
2025/2026,40,50,10,Hospitalizations,Ekiti,0.4925,0.4515,0.056
2025/2026,40,50,10,Hospitalizations,Enugu,0.489,0.4745,0.0365
2025/2026,40,50,10,Hospitalizations,FCT,0.4885,0.475,0.0365
2025/2026,40,50,10,Hospitalizations,Gombe,0.4965,0.4525,0.051
2025/2026,40,50,10,Hospitalizations,Imo,0.5265,0.441,0.0325
2025/2026,40,50,10,Hospitalizations,Jigawa,0.5195,0.4485,0.032
2025/2026,40,50,10,Hospitalizations,Kaduna,0.5055,0.473,0.0215
2025/2026,40,50,10,Hospitalizations,Kano,0.5205,0.464,0.0155
2025/2026,40,50,10,Hospitalizations,Katsina,0.496,0.476,0.028
2025/2026,40,50,10,Hospitalizations,Kebbi,0.482,0.479,0.039
2025/2026,40,50,10,Hospitalizations,Kogi,0.497,0.4695,0.0335
2025/2026,40,50,10,Hospitalizations,Kwara,0.5035,0.451,0.0455
2025/2026,40,50,10,Hospitalizations,Lagos,0.4965,0.4905,0.013
2025/2026,40,50,10,Hospitalizations,Nasarawa,0.4845,0.457,0.0585
2025/2026,40,50,10,Hospitalizations,Niger,0.497,0.474,0.029
2025/2026,40,50,10,Hospitalizations,Ogun,0.505,0.4615,0.0335
2025/2026,40,50,10,Hospitalizations,Ondo,0.5135,0.4435,0.043
2025/2026,40,50,10,Hospitalizations,Osun,0.479,0.4665,0.0545
2025/2026,40,50,10,Hospitalizations,Oyo,0.507,0.4615,0.0315
2025/2026,40,50,10,Hospitalizations,Plateau,0.5095,0.4495,0.041
2025/2026,40,50,10,Hospitalizations,Rivers,0.514,0.4495,0.0365
2025/2026,40,50,10,Hospitalizations,Sokoto,0.5075,0.458,0.0345
2025/2026,40,50,10,Hospitalizations,Taraba,0.489,0.456,0.055
2025/2026,40,50,10,Hospitalizations,Yobe,0.4865,0.456,0.0575
2025/2026,40,50,10,Hospitalizations,Zamfara,0.492,0.4615,0.0465
2025/2026,40,51,11,Hospitalizations,Abia,0.4925,0.4635,0.044
2025/2026,40,51,11,Hospitalizations,Adamawa,0.5045,0.461,0.0345
2025/2026,40,51,11,Hospitalizations,Akwa Ibom,0.491,0.4695,0.0395
2025/2026,40,51,11,Hospitalizations,Anambra,0.4875,0.488,0.0245
2025/2026,40,51,11,Hospitalizations,Bauchi,0.4785,0.4895,0.032
2025/2026,40,51,11,Hospitalizations,Bayelsa,0.466,0.446,0.088
2025/2026,40,51,11,Hospitalizations,Benue,0.501,0.4675,0.0315
2025/2026,40,51,11,Hospitalizations,Borno,0.4925,0.464,0.0435
2025/2026,40,51,11,Hospitalizations,Cross River,0.4825,0.4745,0.043
2025/2026,40,51,11,Hospitalizations,Delta,0.5125,0.4565,0.031
2025/2026,40,51,11,Hospitalizations,Ebonyi,0.5085,0.4415,0.05
2025/2026,40,51,11,Hospitalizations,Edo,0.505,0.451,0.044
2025/2026,40,51,11,Hospitalizations,Ekiti,0.493,0.4455,0.0615
2025/2026,40,51,11,Hospitalizations,Enugu,0.496,0.462,0.042
2025/2026,40,51,11,Hospitalizations,FCT,0.506,0.4585,0.0355
2025/2026,40,51,11,Hospitalizations,Gombe,0.504,0.4525,0.0435
2025/2026,40,51,11,Hospitalizations,Imo,0.487,0.479,0.034
2025/2026,40,51,11,Hospitalizations,Jigawa,0.4935,0.4775,0.029
2025/2026,40,51,11,Hospitalizations,Kaduna,0.504,0.475,0.021
2025/2026,40,51,11,Hospitalizations,Kano,0.5025,0.4855,0.012
2025/2026,40,51,11,Hospitalizations,Katsina,0.4985,0.475,0.0265
2025/2026,40,51,11,Hospitalizations,Kebbi,0.4895,0.4705,0.04
2025/2026,40,51,11,Hospitalizations,Kogi,0.4935,0.4615,0.045
2025/2026,40,51,11,Hospitalizations,Kwara,0.4655,0.4875,0.047
2025/2026,40,51,11,Hospitalizations,Lagos,0.521,0.4685,0.0105
2025/2026,40,51,11,Hospitalizations,Nasarawa,0.507,0.43,0.063
2025/2026,40,51,11,Hospitalizations,Niger,0.5115,0.4585,0.03
2025/2026,40,51,11,Hospitalizations,Ogun,0.5035,0.466,0.0305
2025/2026,40,51,11,Hospitalizations,Ondo,0.5085,0.4575,0.034
2025/2026,40,51,11,Hospitalizations,Osun,0.499,0.4495,0.0515
2025/2026,40,51,11,Hospitalizations,Oyo,0.5095,0.461,0.0295
2025/2026,40,51,11,Hospitalizations,Plateau,0.497,0.4745,0.0285
2025/2026,40,51,11,Hospitalizations,Rivers,0.5145,0.4465,0.039
2025/2026,40,51,11,Hospitalizations,Sokoto,0.5025,0.461,0.0365
2025/2026,40,51,11,Hospitalizations,Taraba,0.4965,0.4525,0.051
2025/2026,40,51,11,Hospitalizations,Yobe,0.4885,0.4655,0.046
2025/2026,40,51,11,Hospitalizations,Zamfara,0.493,0.466,0.041
2025/2026,40,52,12,Hospitalizations,Abia,0.509,0.448,0.043
2025/2026,40,52,12,Hospitalizations,Adamawa,0.5055,0.452,0.0425
2025/2026,40,52,12,Hospitalizations,Akwa Ibom,0.5025,0.4565,0.041
2025/2026,40,52,12,Hospitalizations,Anambra,0.505,0.466,0.029
2025/2026,40,52,12,Hospitalizations,Bauchi,0.492,0.472,0.036
2025/2026,40,52,12,Hospitalizations,Bayelsa,0.4765,0.442,0.0815
2025/2026,40,52,12,Hospitalizations,Benue,0.4965,0.4655,0.038
2025/2026,40,52,12,Hospitalizations,Borno,0.498,0.4695,0.0325
2025/2026,40,52,12,Hospitalizations,Cross River,0.4835,0.468,0.0485
2025/2026,40,52,12,Hospitalizations,Delta,0.5135,0.451,0.0355
2025/2026,40,52,12,Hospitalizations,Ebonyi,0.487,0.4685,0.0445
2025/2026,40,52,12,Hospitalizations,Edo,0.5175,0.457,0.0255
2025/2026,40,52,12,Hospitalizations,Ekiti,0.4935,0.4545,0.052
2025/2026,40,52,12,Hospitalizations,Enugu,0.5005,0.4635,0.036
2025/2026,40,52,12,Hospitalizations,FCT,0.504,0.4685,0.0275
2025/2026,40,52,12,Hospitalizations,Gombe,0.4805,0.47,0.0495
2025/2026,40,52,12,Hospitalizations,Imo,0.503,0.466,0.031
2025/2026,40,52,12,Hospitalizations,Jigawa,0.5165,0.453,0.0305
2025/2026,40,52,12,Hospitalizations,Kaduna,0.5015,0.478,0.0205
2025/2026,40,52,12,Hospitalizations,Kano,0.516,0.472,0.012
2025/2026,40,52,12,Hospitalizations,Katsina,0.504,0.4685,0.0275
2025/2026,40,52,12,Hospitalizations,Kebbi,0.4945,0.464,0.0415
2025/2026,40,52,12,Hospitalizations,Kogi,0.504,0.4585,0.0375
2025/2026,40,52,12,Hospitalizations,Kwara,0.5065,0.447,0.0465
2025/2026,40,52,12,Hospitalizations,Lagos,0.5185,0.4695,0.012
2025/2026,40,52,12,Hospitalizations,Nasarawa,0.4945,0.4555,0.05
2025/2026,40,52,12,Hospitalizations,Niger,0.4925,0.4735,0.034
2025/2026,40,52,12,Hospitalizations,Ogun,0.504,0.466,0.03
2025/2026,40,52,12,Hospitalizations,Ondo,0.5035,0.458,0.0385
2025/2026,40,52,12,Hospitalizations,Osun,0.498,0.4635,0.0385
2025/2026,40,52,12,Hospitalizations,Oyo,0.494,0.486,0.02
2025/2026,40,52,12,Hospitalizations,Plateau,0.508,0.4535,0.0385
2025/2026,40,52,12,Hospitalizations,Rivers,0.515,0.4535,0.0315
2025/2026,40,52,12,Hospitalizations,Sokoto,0.487,0.48,0.033
2025/2026,40,52,12,Hospitalizations,Taraba,0.4875,0.4605,0.052
2025/2026,40,52,12,Hospitalizations,Yobe,0.4885,0.461,0.0505
2025/2026,40,52,12,Hospitalizations,Zamfara,0.5025,0.456,0.0415
2025/2026,40,41,1,Deaths,Abia,0.418,0,0.582
2025/2026,40,41,1,Deaths,Adamawa,0.1195,0.7175,0.163
2025/2026,40,41,1,Deaths,Akwa Ibom,0.0485,0.8325,0.119
2025/2026,40,41,1,Deaths,Anambra,0.4895,0,0.5105
2025/2026,40,41,1,Deaths,Bauchi,0.798,0,0.202
2025/2026,40,41,1,Deaths,Bayelsa,0.3125,0,0.6875
2025/2026,40,41,1,Deaths,Benue,0.7265,0,0.2735
2025/2026,40,41,1,Deaths,Borno,0.477,0.2435,0.2795
2025/2026,40,41,1,Deaths,Cross River,0.438,0,0.562
2025/2026,40,41,1,Deaths,Delta,0.157,0.538,0.305
2025/2026,40,41,1,Deaths,Ebonyi,0.3695,0,0.6305
2025/2026,40,41,1,Deaths,Edo,0.4265,0,0.5735
2025/2026,40,41,1,Deaths,Ekiti,0.059,0.7115,0.2295
2025/2026,40,41,1,Deaths,Enugu,0.1135,0.6065,0.28
2025/2026,40,41,1,Deaths,FCT,0.1885,0.4935,0.318
2025/2026,40,41,1,Deaths,Gombe,0.674,0,0.326
2025/2026,40,41,1,Deaths,Imo,0.44,0,0.56
2025/2026,40,41,1,Deaths,Jigawa,0.151,0.694,0.155
2025/2026,40,41,1,Deaths,Kaduna,0.368,0.32,0.312
2025/2026,40,41,1,Deaths,Kano,0.5885,0.225,0.1865
2025/2026,40,41,1,Deaths,Katsina,0.342,0.483,0.175
2025/2026,40,41,1,Deaths,Kebbi,0.815,0,0.185
2025/2026,40,41,1,Deaths,Kogi,0.5865,0,0.4135
2025/2026,40,41,1,Deaths,Kwara,0.261,0.404,0.335
2025/2026,40,41,1,Deaths,Lagos,0.1455,0.6825,0.172
2025/2026,40,41,1,Deaths,Nasarawa,0.419,0,0.581
2025/2026,40,41,1,Deaths,Niger,0.621,0,0.379
2025/2026,40,41,1,Deaths,Ogun,0.069,0.775,0.156
2025/2026,40,41,1,Deaths,Ondo,0.177,0.506,0.317
2025/2026,40,41,1,Deaths,Osun,0.4405,0,0.5595
2025/2026,40,41,1,Deaths,Oyo,0.4965,0,0.5035
2025/2026,40,41,1,Deaths,Plateau,0.233,0.434,0.333
2025/2026,40,41,1,Deaths,Rivers,0.1155,0.7145,0.17
2025/2026,40,41,1,Deaths,Sokoto,0.6825,0.108,0.2095
2025/2026,40,41,1,Deaths,Taraba,0.248,0.5485,0.2035
2025/2026,40,41,1,Deaths,Yobe,0.306,0.379,0.315
2025/2026,40,41,1,Deaths,Zamfara,0.8375,0,0.1625
2025/2026,40,42,2,Deaths,Abia,0.3015,0.2635,0.435
2025/2026,40,42,2,Deaths,Adamawa,0.342,0.349,0.309
2025/2026,40,42,2,Deaths,Akwa Ibom,0.333,0.2765,0.3905
2025/2026,40,42,2,Deaths,Anambra,0.3915,0.2495,0.359
2025/2026,40,42,2,Deaths,Bauchi,0.355,0.428,0.217
2025/2026,40,42,2,Deaths,Bayelsa,0.2305,0.244,0.5255
2025/2026,40,42,2,Deaths,Benue,0.2945,0.439,0.2665
2025/2026,40,42,2,Deaths,Borno,0.409,0.367,0.224
2025/2026,40,42,2,Deaths,Cross River,0.2645,0.28,0.4555
2025/2026,40,42,2,Deaths,Delta,0.3495,0.2575,0.393
2025/2026,40,42,2,Deaths,Ebonyi,0.3065,0.228,0.4655
2025/2026,40,42,2,Deaths,Edo,0.3345,0.2305,0.435
2025/2026,40,42,2,Deaths,Ekiti,0.2545,0.1985,0.547
2025/2026,40,42,2,Deaths,Enugu,0.308,0.25,0.442
2025/2026,40,42,2,Deaths,FCT,0.2595,0.354,0.3865
2025/2026,40,42,2,Deaths,Gombe,0.3835,0.3475,0.269
2025/2026,40,42,2,Deaths,Imo,0.334,0.254,0.412
2025/2026,40,42,2,Deaths,Jigawa,0.401,0.3895,0.2095
2025/2026,40,42,2,Deaths,Kaduna,0.449,0.309,0.242
2025/2026,40,42,2,Deaths,Kano,0.508,0.3685,0.1235
2025/2026,40,42,2,Deaths,Katsina,0.3935,0.452,0.1545
2025/2026,40,42,2,Deaths,Kebbi,0.397,0.412,0.191
2025/2026,40,42,2,Deaths,Kogi,0.314,0.345,0.341
2025/2026,40,42,2,Deaths,Kwara,0.225,0.4025,0.3725
2025/2026,40,42,2,Deaths,Lagos,0.41,0.324,0.266
2025/2026,40,42,2,Deaths,Nasarawa,0.3385,0.251,0.4105
2025/2026,40,42,2,Deaths,Niger,0.347,0.343,0.31
2025/2026,40,42,2,Deaths,Ogun,0.2805,0.3355,0.384
2025/2026,40,42,2,Deaths,Ondo,0.3105,0.305,0.3845
2025/2026,40,42,2,Deaths,Osun,0.299,0.2775,0.4235
2025/2026,40,42,2,Deaths,Oyo,0.3525,0.273,0.3745
2025/2026,40,42,2,Deaths,Plateau,0.368,0.2955,0.3365
2025/2026,40,42,2,Deaths,Rivers,0.3195,0.3545,0.326
2025/2026,40,42,2,Deaths,Sokoto,0.3105,0.499,0.1905
2025/2026,40,42,2,Deaths,Taraba,0.2785,0.4595,0.262
2025/2026,40,42,2,Deaths,Yobe,0.4265,0.294,0.2795
2025/2026,40,42,2,Deaths,Zamfara,0.3135,0.492,0.1945
2025/2026,40,43,3,Deaths,Abia,0.3215,0.264,0.4145
2025/2026,40,43,3,Deaths,Adamawa,0.3685,0.32,0.3115
2025/2026,40,43,3,Deaths,Akwa Ibom,0.3575,0.283,0.3595
2025/2026,40,43,3,Deaths,Anambra,0.3735,0.317,0.3095
2025/2026,40,43,3,Deaths,Bauchi,0.4045,0.377,0.2185
2025/2026,40,43,3,Deaths,Bayelsa,0.2715,0.208,0.5205
2025/2026,40,43,3,Deaths,Benue,0.364,0.344,0.292
2025/2026,40,43,3,Deaths,Borno,0.4165,0.3955,0.188
2025/2026,40,43,3,Deaths,Cross River,0.3135,0.255,0.4315
2025/2026,40,43,3,Deaths,Delta,0.3485,0.291,0.3605
2025/2026,40,43,3,Deaths,Ebonyi,0.3095,0.2655,0.425
2025/2026,40,43,3,Deaths,Edo,0.321,0.31,0.369
2025/2026,40,43,3,Deaths,Ekiti,0.2775,0.2345,0.488
2025/2026,40,43,3,Deaths,Enugu,0.3295,0.2675,0.403
2025/2026,40,43,3,Deaths,FCT,0.2725,0.2855,0.442
2025/2026,40,43,3,Deaths,Gombe,0.3655,0.374,0.2605
2025/2026,40,43,3,Deaths,Imo,0.346,0.2805,0.3735
2025/2026,40,43,3,Deaths,Jigawa,0.4365,0.3865,0.177
2025/2026,40,43,3,Deaths,Kaduna,0.398,0.38,0.222
2025/2026,40,43,3,Deaths,Kano,0.4435,0.4605,0.096
2025/2026,40,43,3,Deaths,Katsina,0.385,0.451,0.164
2025/2026,40,43,3,Deaths,Kebbi,0.331,0.454,0.215
2025/2026,40,43,3,Deaths,Kogi,0.348,0.309,0.343
2025/2026,40,43,3,Deaths,Kwara,0.2735,0.299,0.4275
2025/2026,40,43,3,Deaths,Lagos,0.3975,0.3395,0.263
2025/2026,40,43,3,Deaths,Nasarawa,0.3215,0.298,0.3805
2025/2026,40,43,3,Deaths,Niger,0.387,0.331,0.282
2025/2026,40,43,3,Deaths,Ogun,0.3405,0.2985,0.361
2025/2026,40,43,3,Deaths,Ondo,0.315,0.304,0.381
2025/2026,40,43,3,Deaths,Osun,0.309,0.277,0.414
2025/2026,40,43,3,Deaths,Oyo,0.3615,0.299,0.3395
2025/2026,40,43,3,Deaths,Plateau,0.34,0.347,0.313
2025/2026,40,43,3,Deaths,Rivers,0.3455,0.3295,0.325
2025/2026,40,43,3,Deaths,Sokoto,0.3145,0.4785,0.207
2025/2026,40,43,3,Deaths,Taraba,0.306,0.3875,0.3065
2025/2026,40,43,3,Deaths,Yobe,0.3705,0.3645,0.265
2025/2026,40,43,3,Deaths,Zamfara,0.3115,0.443,0.2455
2025/2026,40,44,4,Deaths,Abia,0.3345,0.2975,0.368
2025/2026,40,44,4,Deaths,Adamawa,0.3765,0.3295,0.294
2025/2026,40,44,4,Deaths,Akwa Ibom,0.369,0.305,0.326
2025/2026,40,44,4,Deaths,Anambra,0.381,0.329,0.29
2025/2026,40,44,4,Deaths,Bauchi,0.4415,0.3705,0.188
2025/2026,40,44,4,Deaths,Bayelsa,0.291,0.236,0.473
2025/2026,40,44,4,Deaths,Benue,0.4405,0.302,0.2575
2025/2026,40,44,4,Deaths,Borno,0.389,0.4085,0.2025
2025/2026,40,44,4,Deaths,Cross River,0.338,0.261,0.401
2025/2026,40,44,4,Deaths,Delta,0.3555,0.3025,0.342
2025/2026,40,44,4,Deaths,Ebonyi,0.303,0.287,0.41
2025/2026,40,44,4,Deaths,Edo,0.324,0.2975,0.3785
2025/2026,40,44,4,Deaths,Ekiti,0.282,0.241,0.477
2025/2026,40,44,4,Deaths,Enugu,0.3435,0.2785,0.378
2025/2026,40,44,4,Deaths,FCT,0.313,0.2545,0.4325
2025/2026,40,44,4,Deaths,Gombe,0.3625,0.387,0.2505
2025/2026,40,44,4,Deaths,Imo,0.3595,0.297,0.3435
2025/2026,40,44,4,Deaths,Jigawa,0.4045,0.3955,0.2
2025/2026,40,44,4,Deaths,Kaduna,0.381,0.3965,0.2225
2025/2026,40,44,4,Deaths,Kano,0.3965,0.489,0.1145
2025/2026,40,44,4,Deaths,Katsina,0.3925,0.423,0.1845
2025/2026,40,44,4,Deaths,Kebbi,0.375,0.395,0.23
2025/2026,40,44,4,Deaths,Kogi,0.384,0.3025,0.3135
2025/2026,40,44,4,Deaths,Kwara,0.3545,0.2575,0.388
2025/2026,40,44,4,Deaths,Lagos,0.389,0.362,0.249
2025/2026,40,44,4,Deaths,Nasarawa,0.302,0.3125,0.3855
2025/2026,40,44,4,Deaths,Niger,0.403,0.3305,0.2665
2025/2026,40,44,4,Deaths,Ogun,0.3605,0.3145,0.325
2025/2026,40,44,4,Deaths,Ondo,0.313,0.2975,0.3895
2025/2026,40,44,4,Deaths,Osun,0.3525,0.2765,0.371
2025/2026,40,44,4,Deaths,Oyo,0.371,0.3085,0.3205
2025/2026,40,44,4,Deaths,Plateau,0.3565,0.3375,0.306
2025/2026,40,44,4,Deaths,Rivers,0.3795,0.3135,0.307
2025/2026,40,44,4,Deaths,Sokoto,0.3605,0.394,0.2455
2025/2026,40,44,4,Deaths,Taraba,0.3545,0.3125,0.333
2025/2026,40,44,4,Deaths,Yobe,0.353,0.375,0.272
2025/2026,40,44,4,Deaths,Zamfara,0.4035,0.351,0.2455
2025/2026,40,45,5,Deaths,Abia,0.3425,0.301,0.3565
2025/2026,40,45,5,Deaths,Adamawa,0.382,0.3385,0.2795
2025/2026,40,45,5,Deaths,Akwa Ibom,0.365,0.33,0.305
2025/2026,40,45,5,Deaths,Anambra,0.371,0.344,0.285
2025/2026,40,45,5,Deaths,Bauchi,0.43,0.3895,0.1805
2025/2026,40,45,5,Deaths,Bayelsa,0.279,0.248,0.473
2025/2026,40,45,5,Deaths,Benue,0.423,0.332,0.245
2025/2026,40,45,5,Deaths,Borno,0.402,0.386,0.212
2025/2026,40,45,5,Deaths,Cross River,0.3245,0.317,0.3585
2025/2026,40,45,5,Deaths,Delta,0.3525,0.34,0.3075
2025/2026,40,45,5,Deaths,Ebonyi,0.2985,0.2905,0.411
2025/2026,40,45,5,Deaths,Edo,0.336,0.3055,0.3585
2025/2026,40,45,5,Deaths,Ekiti,0.274,0.2665,0.4595
2025/2026,40,45,5,Deaths,Enugu,0.33,0.3175,0.3525
2025/2026,40,45,5,Deaths,FCT,0.3275,0.2735,0.399
2025/2026,40,45,5,Deaths,Gombe,0.362,0.3495,0.2885
2025/2026,40,45,5,Deaths,Imo,0.365,0.3245,0.3105
2025/2026,40,45,5,Deaths,Jigawa,0.4075,0.407,0.1855
2025/2026,40,45,5,Deaths,Kaduna,0.42,0.354,0.226
2025/2026,40,45,5,Deaths,Kano,0.46,0.4215,0.1185
2025/2026,40,45,5,Deaths,Katsina,0.4295,0.3815,0.189
2025/2026,40,45,5,Deaths,Kebbi,0.389,0.3715,0.2395
2025/2026,40,45,5,Deaths,Kogi,0.362,0.3265,0.3115
2025/2026,40,45,5,Deaths,Kwara,0.362,0.2965,0.3415
2025/2026,40,45,5,Deaths,Lagos,0.402,0.3625,0.2355
2025/2026,40,45,5,Deaths,Nasarawa,0.3325,0.2805,0.387
2025/2026,40,45,5,Deaths,Niger,0.4355,0.3385,0.226
2025/2026,40,45,5,Deaths,Ogun,0.3865,0.307,0.3065
2025/2026,40,45,5,Deaths,Ondo,0.3425,0.2895,0.368
2025/2026,40,45,5,Deaths,Osun,0.3275,0.3015,0.371
2025/2026,40,45,5,Deaths,Oyo,0.409,0.324,0.267
2025/2026,40,45,5,Deaths,Plateau,0.368,0.331,0.301
2025/2026,40,45,5,Deaths,Rivers,0.4005,0.3135,0.286
2025/2026,40,45,5,Deaths,Sokoto,0.419,0.3445,0.2365
2025/2026,40,45,5,Deaths,Taraba,0.3965,0.3105,0.293
2025/2026,40,45,5,Deaths,Yobe,0.353,0.3755,0.2715
2025/2026,40,45,5,Deaths,Zamfara,0.405,0.366,0.229
2025/2026,40,46,6,Deaths,Abia,0.3545,0.305,0.3405
2025/2026,40,46,6,Deaths,Adamawa,0.401,0.347,0.252
2025/2026,40,46,6,Deaths,Akwa Ibom,0.36,0.339,0.301
2025/2026,40,46,6,Deaths,Anambra,0.401,0.3465,0.2525
2025/2026,40,46,6,Deaths,Bauchi,0.416,0.389,0.195
2025/2026,40,46,6,Deaths,Bayelsa,0.286,0.282,0.432
2025/2026,40,46,6,Deaths,Benue,0.403,0.378,0.219
2025/2026,40,46,6,Deaths,Borno,0.421,0.3845,0.1945
2025/2026,40,46,6,Deaths,Cross River,0.356,0.296,0.348
2025/2026,40,46,6,Deaths,Delta,0.371,0.3155,0.3135
2025/2026,40,46,6,Deaths,Ebonyi,0.322,0.2845,0.3935
2025/2026,40,46,6,Deaths,Edo,0.362,0.2945,0.3435
2025/2026,40,46,6,Deaths,Ekiti,0.305,0.2575,0.4375
2025/2026,40,46,6,Deaths,Enugu,0.3595,0.295,0.3455
2025/2026,40,46,6,Deaths,FCT,0.332,0.301,0.367
2025/2026,40,46,6,Deaths,Gombe,0.409,0.342,0.249
2025/2026,40,46,6,Deaths,Imo,0.355,0.3345,0.3105
2025/2026,40,46,6,Deaths,Jigawa,0.4235,0.387,0.1895
2025/2026,40,46,6,Deaths,Kaduna,0.417,0.3665,0.2165
2025/2026,40,46,6,Deaths,Kano,0.511,0.39,0.099
2025/2026,40,46,6,Deaths,Katsina,0.4285,0.3875,0.184
2025/2026,40,46,6,Deaths,Kebbi,0.432,0.3475,0.2205
2025/2026,40,46,6,Deaths,Kogi,0.3945,0.3385,0.267
2025/2026,40,46,6,Deaths,Kwara,0.357,0.301,0.342
2025/2026,40,46,6,Deaths,Lagos,0.4225,0.3585,0.219
2025/2026,40,46,6,Deaths,Nasarawa,0.3325,0.3045,0.363
2025/2026,40,46,6,Deaths,Niger,0.411,0.364,0.225
2025/2026,40,46,6,Deaths,Ogun,0.38,0.327,0.293
2025/2026,40,46,6,Deaths,Ondo,0.365,0.297,0.338
2025/2026,40,46,6,Deaths,Osun,0.338,0.3005,0.3615
2025/2026,40,46,6,Deaths,Oyo,0.3715,0.3485,0.28
2025/2026,40,46,6,Deaths,Plateau,0.3975,0.3215,0.281
2025/2026,40,46,6,Deaths,Rivers,0.368,0.3545,0.2775
2025/2026,40,46,6,Deaths,Sokoto,0.4355,0.3525,0.212
2025/2026,40,46,6,Deaths,Taraba,0.42,0.306,0.274
2025/2026,40,46,6,Deaths,Yobe,0.3995,0.3275,0.273
2025/2026,40,46,6,Deaths,Zamfara,0.43,0.341,0.229
2025/2026,40,47,7,Deaths,Abia,0.368,0.3205,0.3115
2025/2026,40,47,7,Deaths,Adamawa,0.392,0.3615,0.2465
2025/2026,40,47,7,Deaths,Akwa Ibom,0.3575,0.352,0.2905
2025/2026,40,47,7,Deaths,Anambra,0.382,0.371,0.247
2025/2026,40,47,7,Deaths,Bauchi,0.4375,0.3855,0.177
2025/2026,40,47,7,Deaths,Bayelsa,0.3015,0.2655,0.433
2025/2026,40,47,7,Deaths,Benue,0.399,0.3795,0.2215
2025/2026,40,47,7,Deaths,Borno,0.4465,0.3595,0.194
2025/2026,40,47,7,Deaths,Cross River,0.332,0.3275,0.3405
2025/2026,40,47,7,Deaths,Delta,0.3615,0.3405,0.298
2025/2026,40,47,7,Deaths,Ebonyi,0.322,0.3005,0.3775
2025/2026,40,47,7,Deaths,Edo,0.343,0.3415,0.3155
2025/2026,40,47,7,Deaths,Ekiti,0.2925,0.285,0.4225
2025/2026,40,47,7,Deaths,Enugu,0.3555,0.324,0.3205
2025/2026,40,47,7,Deaths,FCT,0.3435,0.3105,0.346
2025/2026,40,47,7,Deaths,Gombe,0.421,0.343,0.236
2025/2026,40,47,7,Deaths,Imo,0.377,0.334,0.289
2025/2026,40,47,7,Deaths,Jigawa,0.434,0.393,0.173
2025/2026,40,47,7,Deaths,Kaduna,0.4275,0.3725,0.2
2025/2026,40,47,7,Deaths,Kano,0.486,0.4075,0.1065
2025/2026,40,47,7,Deaths,Katsina,0.474,0.3825,0.1435
2025/2026,40,47,7,Deaths,Kebbi,0.4185,0.3795,0.202
2025/2026,40,47,7,Deaths,Kogi,0.3745,0.338,0.2875
2025/2026,40,47,7,Deaths,Kwara,0.353,0.3465,0.3005
2025/2026,40,47,7,Deaths,Lagos,0.429,0.357,0.214
2025/2026,40,47,7,Deaths,Nasarawa,0.359,0.294,0.347
2025/2026,40,47,7,Deaths,Niger,0.4115,0.372,0.2165
2025/2026,40,47,7,Deaths,Ogun,0.371,0.3515,0.2775
2025/2026,40,47,7,Deaths,Ondo,0.357,0.3275,0.3155
2025/2026,40,47,7,Deaths,Osun,0.3465,0.312,0.3415
2025/2026,40,47,7,Deaths,Oyo,0.396,0.359,0.245
2025/2026,40,47,7,Deaths,Plateau,0.3935,0.3395,0.267
2025/2026,40,47,7,Deaths,Rivers,0.4015,0.325,0.2735
2025/2026,40,47,7,Deaths,Sokoto,0.452,0.3585,0.1895
2025/2026,40,47,7,Deaths,Taraba,0.3805,0.373,0.2465
2025/2026,40,47,7,Deaths,Yobe,0.393,0.3505,0.2565
2025/2026,40,47,7,Deaths,Zamfara,0.4315,0.367,0.2015
2025/2026,40,48,8,Deaths,Abia,0.3455,0.341,0.3135
2025/2026,40,48,8,Deaths,Adamawa,0.3855,0.3615,0.253
2025/2026,40,48,8,Deaths,Akwa Ibom,0.375,0.3305,0.2945
2025/2026,40,48,8,Deaths,Anambra,0.404,0.3475,0.2485
2025/2026,40,48,8,Deaths,Bauchi,0.4485,0.3875,0.164
2025/2026,40,48,8,Deaths,Bayelsa,0.305,0.274,0.421
2025/2026,40,48,8,Deaths,Benue,0.411,0.3795,0.2095
2025/2026,40,48,8,Deaths,Borno,0.444,0.382,0.174
2025/2026,40,48,8,Deaths,Cross River,0.3455,0.327,0.3275
2025/2026,40,48,8,Deaths,Delta,0.386,0.341,0.273
2025/2026,40,48,8,Deaths,Ebonyi,0.34,0.313,0.347
2025/2026,40,48,8,Deaths,Edo,0.3495,0.325,0.3255
2025/2026,40,48,8,Deaths,Ekiti,0.3075,0.2795,0.413
2025/2026,40,48,8,Deaths,Enugu,0.364,0.325,0.311
2025/2026,40,48,8,Deaths,FCT,0.317,0.322,0.361
2025/2026,40,48,8,Deaths,Gombe,0.4075,0.3695,0.223
2025/2026,40,48,8,Deaths,Imo,0.364,0.3425,0.2935
2025/2026,40,48,8,Deaths,Jigawa,0.4545,0.361,0.1845
2025/2026,40,48,8,Deaths,Kaduna,0.434,0.393,0.173
2025/2026,40,48,8,Deaths,Kano,0.489,0.4055,0.1055
2025/2026,40,48,8,Deaths,Katsina,0.449,0.3835,0.1675
2025/2026,40,48,8,Deaths,Kebbi,0.432,0.374,0.194
2025/2026,40,48,8,Deaths,Kogi,0.3685,0.3625,0.269
2025/2026,40,48,8,Deaths,Kwara,0.3465,0.352,0.3015
2025/2026,40,48,8,Deaths,Lagos,0.402,0.409,0.189
2025/2026,40,48,8,Deaths,Nasarawa,0.363,0.3135,0.3235
2025/2026,40,48,8,Deaths,Niger,0.4275,0.3735,0.199
2025/2026,40,48,8,Deaths,Ogun,0.369,0.347,0.284
2025/2026,40,48,8,Deaths,Ondo,0.3355,0.3385,0.326
2025/2026,40,48,8,Deaths,Osun,0.3515,0.3195,0.329
2025/2026,40,48,8,Deaths,Oyo,0.376,0.3695,0.2545
2025/2026,40,48,8,Deaths,Plateau,0.387,0.356,0.257
2025/2026,40,48,8,Deaths,Rivers,0.373,0.3755,0.2515
2025/2026,40,48,8,Deaths,Sokoto,0.41,0.391,0.199
2025/2026,40,48,8,Deaths,Taraba,0.3785,0.358,0.2635
2025/2026,40,48,8,Deaths,Yobe,0.406,0.3715,0.2225
2025/2026,40,48,8,Deaths,Zamfara,0.4165,0.379,0.2045
2025/2026,40,49,9,Deaths,Abia,0.3515,0.3325,0.316
2025/2026,40,49,9,Deaths,Adamawa,0.407,0.3665,0.2265
2025/2026,40,49,9,Deaths,Akwa Ibom,0.3825,0.351,0.2665
2025/2026,40,49,9,Deaths,Anambra,0.383,0.3685,0.2485
2025/2026,40,49,9,Deaths,Bauchi,0.462,0.374,0.164
2025/2026,40,49,9,Deaths,Bayelsa,0.2965,0.2895,0.414
2025/2026,40,49,9,Deaths,Benue,0.4315,0.3825,0.186
2025/2026,40,49,9,Deaths,Borno,0.4295,0.403,0.1675
2025/2026,40,49,9,Deaths,Cross River,0.337,0.3215,0.3415
2025/2026,40,49,9,Deaths,Delta,0.385,0.3565,0.2585
2025/2026,40,49,9,Deaths,Ebonyi,0.3535,0.306,0.3405
2025/2026,40,49,9,Deaths,Edo,0.3375,0.3245,0.338
2025/2026,40,49,9,Deaths,Ekiti,0.301,0.294,0.405
2025/2026,40,49,9,Deaths,Enugu,0.3515,0.3485,0.3
2025/2026,40,49,9,Deaths,FCT,0.356,0.296,0.348
2025/2026,40,49,9,Deaths,Gombe,0.391,0.3875,0.2215
2025/2026,40,49,9,Deaths,Imo,0.3765,0.3345,0.289
2025/2026,40,49,9,Deaths,Jigawa,0.427,0.3975,0.1755
2025/2026,40,49,9,Deaths,Kaduna,0.435,0.3905,0.1745
2025/2026,40,49,9,Deaths,Kano,0.4675,0.446,0.0865
2025/2026,40,49,9,Deaths,Katsina,0.4545,0.4025,0.143
2025/2026,40,49,9,Deaths,Kebbi,0.447,0.381,0.172
2025/2026,40,49,9,Deaths,Kogi,0.391,0.366,0.243
2025/2026,40,49,9,Deaths,Kwara,0.366,0.3225,0.3115
2025/2026,40,49,9,Deaths,Lagos,0.448,0.36,0.192
2025/2026,40,49,9,Deaths,Nasarawa,0.357,0.348,0.295
2025/2026,40,49,9,Deaths,Niger,0.4165,0.3865,0.197
2025/2026,40,49,9,Deaths,Ogun,0.38,0.358,0.262
2025/2026,40,49,9,Deaths,Ondo,0.3455,0.341,0.3135
2025/2026,40,49,9,Deaths,Osun,0.3465,0.319,0.3345
2025/2026,40,49,9,Deaths,Oyo,0.388,0.359,0.253
2025/2026,40,49,9,Deaths,Plateau,0.374,0.3765,0.2495
2025/2026,40,49,9,Deaths,Rivers,0.401,0.3545,0.2445
2025/2026,40,49,9,Deaths,Sokoto,0.407,0.405,0.188
2025/2026,40,49,9,Deaths,Taraba,0.408,0.3545,0.2375
2025/2026,40,49,9,Deaths,Yobe,0.3985,0.36,0.2415
2025/2026,40,49,9,Deaths,Zamfara,0.4155,0.3865,0.198
2025/2026,40,50,10,Deaths,Abia,0.3435,0.32,0.3365
2025/2026,40,50,10,Deaths,Adamawa,0.389,0.364,0.247
2025/2026,40,50,10,Deaths,Akwa Ibom,0.3595,0.359,0.2815
2025/2026,40,50,10,Deaths,Anambra,0.4075,0.349,0.2435
2025/2026,40,50,10,Deaths,Bauchi,0.4325,0.4115,0.156
2025/2026,40,50,10,Deaths,Bayelsa,0.32,0.301,0.379
2025/2026,40,50,10,Deaths,Benue,0.417,0.409,0.174
2025/2026,40,50,10,Deaths,Borno,0.429,0.403,0.168
2025/2026,40,50,10,Deaths,Cross River,0.3555,0.3215,0.323
2025/2026,40,50,10,Deaths,Delta,0.3775,0.3585,0.264
2025/2026,40,50,10,Deaths,Ebonyi,0.337,0.3345,0.3285
2025/2026,40,50,10,Deaths,Edo,0.369,0.3265,0.3045
2025/2026,40,50,10,Deaths,Ekiti,0.313,0.2835,0.4035
2025/2026,40,50,10,Deaths,Enugu,0.3695,0.347,0.2835
2025/2026,40,50,10,Deaths,FCT,0.339,0.329,0.332
2025/2026,40,50,10,Deaths,Gombe,0.411,0.3685,0.2205
2025/2026,40,50,10,Deaths,Imo,0.3795,0.355,0.2655
2025/2026,40,50,10,Deaths,Jigawa,0.449,0.397,0.154
2025/2026,40,50,10,Deaths,Kaduna,0.431,0.4,0.169
2025/2026,40,50,10,Deaths,Kano,0.46,0.433,0.107
2025/2026,40,50,10,Deaths,Katsina,0.4525,0.413,0.1345
2025/2026,40,50,10,Deaths,Kebbi,0.431,0.385,0.184
2025/2026,40,50,10,Deaths,Kogi,0.4005,0.37,0.2295
2025/2026,40,50,10,Deaths,Kwara,0.357,0.364,0.279
2025/2026,40,50,10,Deaths,Lagos,0.394,0.418,0.188
2025/2026,40,50,10,Deaths,Nasarawa,0.3505,0.344,0.3055
2025/2026,40,50,10,Deaths,Niger,0.4045,0.404,0.1915
2025/2026,40,50,10,Deaths,Ogun,0.39,0.353,0.257
2025/2026,40,50,10,Deaths,Ondo,0.3655,0.3365,0.298
2025/2026,40,50,10,Deaths,Osun,0.355,0.3455,0.2995
2025/2026,40,50,10,Deaths,Oyo,0.406,0.3595,0.2345
2025/2026,40,50,10,Deaths,Plateau,0.417,0.335,0.248
2025/2026,40,50,10,Deaths,Rivers,0.387,0.3715,0.2415
2025/2026,40,50,10,Deaths,Sokoto,0.4335,0.3845,0.182
2025/2026,40,50,10,Deaths,Taraba,0.382,0.3795,0.2385
2025/2026,40,50,10,Deaths,Yobe,0.3935,0.3745,0.232
2025/2026,40,50,10,Deaths,Zamfara,0.4245,0.3935,0.182
2025/2026,40,51,11,Deaths,Abia,0.3565,0.331,0.3125
2025/2026,40,51,11,Deaths,Adamawa,0.3875,0.392,0.2205
2025/2026,40,51,11,Deaths,Akwa Ibom,0.367,0.3565,0.2765
2025/2026,40,51,11,Deaths,Anambra,0.394,0.384,0.222
2025/2026,40,51,11,Deaths,Bauchi,0.4195,0.431,0.1495
2025/2026,40,51,11,Deaths,Bayelsa,0.3075,0.305,0.3875
2025/2026,40,51,11,Deaths,Benue,0.4135,0.4145,0.172
2025/2026,40,51,11,Deaths,Borno,0.432,0.3985,0.1695
2025/2026,40,51,11,Deaths,Cross River,0.352,0.35,0.298
2025/2026,40,51,11,Deaths,Delta,0.3695,0.369,0.2615
2025/2026,40,51,11,Deaths,Ebonyi,0.36,0.3085,0.3315
2025/2026,40,51,11,Deaths,Edo,0.3445,0.364,0.2915
2025/2026,40,51,11,Deaths,Ekiti,0.309,0.301,0.39
2025/2026,40,51,11,Deaths,Enugu,0.36,0.335,0.305
2025/2026,40,51,11,Deaths,FCT,0.334,0.319,0.347
2025/2026,40,51,11,Deaths,Gombe,0.3975,0.4005,0.202
2025/2026,40,51,11,Deaths,Imo,0.364,0.3655,0.2705
2025/2026,40,51,11,Deaths,Jigawa,0.4065,0.439,0.1545
2025/2026,40,51,11,Deaths,Kaduna,0.427,0.391,0.182
2025/2026,40,51,11,Deaths,Kano,0.4615,0.4495,0.089
2025/2026,40,51,11,Deaths,Katsina,0.437,0.4265,0.1365
2025/2026,40,51,11,Deaths,Kebbi,0.407,0.401,0.192
2025/2026,40,51,11,Deaths,Kogi,0.4125,0.3655,0.222
2025/2026,40,51,11,Deaths,Kwara,0.3505,0.3465,0.303
2025/2026,40,51,11,Deaths,Lagos,0.417,0.3955,0.1875
2025/2026,40,51,11,Deaths,Nasarawa,0.3655,0.3265,0.308
2025/2026,40,51,11,Deaths,Niger,0.4195,0.382,0.1985
2025/2026,40,51,11,Deaths,Ogun,0.386,0.369,0.245
2025/2026,40,51,11,Deaths,Ondo,0.3625,0.344,0.2935
2025/2026,40,51,11,Deaths,Osun,0.353,0.3405,0.3065
2025/2026,40,51,11,Deaths,Oyo,0.387,0.3825,0.2305
2025/2026,40,51,11,Deaths,Plateau,0.3795,0.395,0.2255
2025/2026,40,51,11,Deaths,Rivers,0.388,0.3895,0.2225
2025/2026,40,51,11,Deaths,Sokoto,0.433,0.409,0.158
2025/2026,40,51,11,Deaths,Taraba,0.3895,0.3805,0.23
2025/2026,40,51,11,Deaths,Yobe,0.391,0.397,0.212
2025/2026,40,51,11,Deaths,Zamfara,0.418,0.394,0.188
2025/2026,40,52,12,Deaths,Abia,0.3675,0.328,0.3045
2025/2026,40,52,12,Deaths,Adamawa,0.394,0.387,0.219
2025/2026,40,52,12,Deaths,Akwa Ibom,0.388,0.3575,0.2545
2025/2026,40,52,12,Deaths,Anambra,0.4055,0.38,0.2145
2025/2026,40,52,12,Deaths,Bauchi,0.436,0.4245,0.1395
2025/2026,40,52,12,Deaths,Bayelsa,0.3205,0.318,0.3615
2025/2026,40,52,12,Deaths,Benue,0.4135,0.396,0.1905
2025/2026,40,52,12,Deaths,Borno,0.421,0.4245,0.1545
2025/2026,40,52,12,Deaths,Cross River,0.338,0.359,0.303
2025/2026,40,52,12,Deaths,Delta,0.4005,0.354,0.2455
2025/2026,40,52,12,Deaths,Ebonyi,0.328,0.33,0.342
2025/2026,40,52,12,Deaths,Edo,0.3575,0.3435,0.299
2025/2026,40,52,12,Deaths,Ekiti,0.323,0.295,0.382
2025/2026,40,52,12,Deaths,Enugu,0.366,0.342,0.292
2025/2026,40,52,12,Deaths,FCT,0.3205,0.348,0.3315
2025/2026,40,52,12,Deaths,Gombe,0.4015,0.39,0.2085
2025/2026,40,52,12,Deaths,Imo,0.3765,0.3615,0.262
2025/2026,40,52,12,Deaths,Jigawa,0.426,0.412,0.162
2025/2026,40,52,12,Deaths,Kaduna,0.4385,0.396,0.1655
2025/2026,40,52,12,Deaths,Kano,0.4675,0.445,0.0875
2025/2026,40,52,12,Deaths,Katsina,0.4445,0.423,0.1325
2025/2026,40,52,12,Deaths,Kebbi,0.403,0.4285,0.1685
2025/2026,40,52,12,Deaths,Kogi,0.3905,0.3575,0.252
2025/2026,40,52,12,Deaths,Kwara,0.355,0.36,0.285
2025/2026,40,52,12,Deaths,Lagos,0.4425,0.387,0.1705
2025/2026,40,52,12,Deaths,Nasarawa,0.348,0.35,0.302
2025/2026,40,52,12,Deaths,Niger,0.4015,0.414,0.1845
2025/2026,40,52,12,Deaths,Ogun,0.387,0.3575,0.2555
2025/2026,40,52,12,Deaths,Ondo,0.3695,0.361,0.2695
2025/2026,40,52,12,Deaths,Osun,0.3375,0.344,0.3185
2025/2026,40,52,12,Deaths,Oyo,0.385,0.385,0.23
2025/2026,40,52,12,Deaths,Plateau,0.392,0.377,0.231
2025/2026,40,52,12,Deaths,Rivers,0.3995,0.3735,0.227
2025/2026,40,52,12,Deaths,Sokoto,0.417,0.404,0.179
2025/2026,40,52,12,Deaths,Taraba,0.407,0.377,0.216
2025/2026,40,52,12,Deaths,Yobe,0.4105,0.3685,0.221
2025/2026,40,52,12,Deaths,Zamfara,0.439,0.398,0.163
