model,season,origin_week,outcome,spatial_level,location,population,cumulative_q05,cumulative_q10,cumulative_q25,cumulative_median,cumulative_q75,cumulative_q90,cumulative_q95,attack_rate_percent_q05,attack_rate_percent_q10,attack_rate_percent_q25,attack_rate_percent_median,attack_rate_percent_q75,attack_rate_percent_q90,attack_rate_percent_q95
PACE-FLU-SEV,2025/2026,40,Cases,State,Abia,4841943,531166.7,531689.8666666667,532833.3333333334,534356.5,536199.5,538578.1333333333,540176.55,10.97011468329966,10.98091957436646,11.004535438218362,11.035993195293708,11.07405642734745,11.123182022864238,11.156193908106726
PACE-FLU-SEV,2025/2026,40,Cases,State,Adamawa,5236948,499924.5,500589.1,501870,503521,505467.3333333334,507944,509449.85,9.54610395214923,9.558794549802672,9.58325345220155,9.614779447876893,9.651944860505267,9.699237036533493,9.727991379712
PACE-FLU-SEV,2025/2026,40,Cases,State,Akwa Ibom,5780581,585151.7,585755.4666666667,587054,588749.5,591129,593896.7,595864.15,10.12271430847522,10.133159048660794,10.155622765254911,10.18495372696966,10.226117409305397,10.27399667957252,10.308032185692062
PACE-FLU-SEV,2025/2026,40,Cases,State,Anambra,7299910,727540.65,728329.4666666667,729919.0833333333,732064.5,734964.1666666667,738372.2333333334,741003.8,9.966433147805931,9.977238988791186,9.999014828036692,10.028404459781012,10.068126410690908,10.11481283102577,10.150862133916721
PACE-FLU-SEV,2025/2026,40,Cases,State,Bauchi,7540663,706073.9,707019.8333333334,708612.6666666667,710776,713704.3333333334,716969.1000000001,719090.7,9.363551984752535,9.376096416632507,9.39721966976467,9.42590857063895,9.464742468047351,9.50803795369187,9.536173410746507
PACE-FLU-SEV,2025/2026,40,Cases,State,Bayelsa,2394725,204958.35,205235.36666666667,205768.41666666666,206515.5,207464.75,208548.63333333336,209491.19999999998,8.558742653123009,8.570310439264077,8.59256978010697,8.623766820824939,8.663406027832007,8.708667313922614,8.748027435300504
PACE-FLU-SEV,2025/2026,40,Cases,State,Benue,6687706,603362.7,604230.1333333333,605586.4166666667,607733,610238.9166666666,613187.9,615373.4,9.021968070964842,9.034938637155003,9.055218884721706,9.087316338367746,9.124786835226708,9.16888242395823,9.20156179114333
PACE-FLU-SEV,2025/2026,40,Cases,State,Borno,6651590,538972.8,539794.6666666667,541233.5,543115,545558.1666666667,548222,550419.6000000001,8.10291674622158,8.115272689186597,8.136904108641694,8.165190578493263,8.201921144668669,8.24196921337605,8.275007930434677
PACE-FLU-SEV,2025/2026,40,Cases,State,Cross River,4175020,384604.05,385128.1,386117,387314,388880.1666666667,390925.69999999995,392467.94999999995,9.212028924412339,9.22458096009121,9.248267074169705,9.276937595508524,9.314450389858411,9.3634449655331,9.400384908335768
PACE-FLU-SEV,2025/2026,40,Cases,State,Delta,6107543,602297.3999999999,603011.5,604264.4166666667,606305.5,608603.75,611589,613816,9.861533516833202,9.873225616258452,9.893739866697077,9.92715892462812,9.964788622855378,10.013666706890152,10.050129814886281
PACE-FLU-SEV,2025/2026,40,Cases,State,Ebonyi,4007155,452092.1,452478,453428.4166666666,454638.5,456303.0833333334,458122.9,459610.8,11.282121604979094,11.291751878826748,11.315469869936816,11.345667936478623,11.387208214639397,11.432622396687925,11.469753478465396
PACE-FLU-SEV,2025/2026,40,Cases,State,Edo,5527810,595191.5,595764.5666666667,597139.9166666666,598925,600988.75,603531,605695.95,10.767220653387145,10.77758762813242,10.802468186617606,10.834760963202426,10.872094916431642,10.918085100609463,10.957249796935857
PACE-FLU-SEV,2025/2026,40,Cases,State,Ekiti,3398177,388451.4,388846.3666666667,389603.25,390653.5,392054.4166666667,393630.9666666667,394793.30000000005,11.431170301017282,11.442793199608692,11.465066416493315,11.495972693594242,11.537198229128933,11.583592222143421,11.617796836362556
PACE-FLU-SEV,2025/2026,40,Cases,State,Enugu,5396098,564044.5,564656.3666666667,565915.8333333333,567512,569786.1666666666,572232.4333333333,574059.3,10.45282165001451,10.464160707731153,10.487501030065305,10.517081046341264,10.559225697284717,10.604559689859846,10.63841501766647
PACE-FLU-SEV,2025/2026,40,Cases,State,FCT,4802443,478910.3,479558.1,480645.6666666666,482299,484295.75,486465.8,488209.6,9.97222247093823,9.985711438948886,10.008357551909864,10.042784474485174,10.084362271452258,10.129548648469124,10.16585933450954
PACE-FLU-SEV,2025/2026,40,Cases,State,Gombe,4623462,349732.7,350374.0333333333,351348,352654.5,354345.1666666666,356370.43333333335,357578.2,7.564303545698007,7.578174825127434,7.599240569080053,7.627498614674458,7.664065729677603,7.707869845871629,7.733992406555954
PACE-FLU-SEV,2025/2026,40,Cases,State,Imo,6067722,671464.35,672174.4333333333,673445,675379,677751.8333333333,680654.8333333334,682964.7,11.066168654397812,11.077871288983465,11.098811052978366,11.130684629256251,11.169790463922595,11.217633789638572,11.255701892736681
PACE-FLU-SEV,2025/2026,40,Cases,State,Jigawa,6979080,636326,637270.3666666667,638813.4166666667,640862,643471.1666666666,646532.0333333333,648331.45,9.117620087461384,9.131151479373594,9.153261127063548,9.182614327389857,9.219999866266996,9.263857604918318,9.28964061165655
PACE-FLU-SEV,2025/2026,40,Cases,State,Kaduna,8324285,854475.45,855351.7333333334,857216.25,859814.5,863197.9166666666,867013.5666666667,869816.8,10.26485097518886,10.27537780522091,10.297776325534265,10.328989216491266,10.369634348976117,10.415471919410095,10.449147284121098
PACE-FLU-SEV,2025/2026,40,Cases,State,Kano,16253549,1441621.2,1443612.8666666667,1447361.0833333333,1452438.5,1458062.3333333333,1464297.7666666666,1469478.65,8.869577961096374,8.881831695137269,8.904892607351991,8.936131425819678,8.970732074166284,9.009095593009667,9.040970990397236
PACE-FLU-SEV,2025/2026,40,Cases,State,Katsina,9300382,823476.3499999999,824752.7333333334,826784.3333333334,829808.5,833215.5833333334,837031.1666666667,839565.55,8.854220719105946,8.867944707360767,8.889788971392072,8.922305556911533,8.958939356827852,8.999965449447846,9.027215763825616
PACE-FLU-SEV,2025/2026,40,Cases,State,Kebbi,6001610,485861.75,486609.2,487964.8333333334,489670.5,491853.5,494258.5333333333,495858.6,8.095523534518238,8.107977692652472,8.130565520474228,8.158985672177966,8.195359245269186,8.235432381199933,8.262093005043647
PACE-FLU-SEV,2025/2026,40,Cases,State,Kogi,5053734,437021.8,437537.2333333333,438634.0833333334,440268.5,442242.75,444624.26666666666,446305.85,8.647503014602666,8.657702074017614,8.6794058281131,8.711746601621691,8.750811776005623,8.797935678186994,8.831209755004913
PACE-FLU-SEV,2025/2026,40,Cases,State,Kwara,4259613,428699.85,429182.3666666667,430099.25,431420.5,433265.1666666667,435163.6666666666,436385.9,10.064291051792733,10.07561876317559,10.097143801561316,10.12816187761658,10.17146784617914,10.216037622823169,10.244731152806605
PACE-FLU-SEV,2025/2026,40,Cases,State,Lagos,15772884,2003818.95,2005774.7999999998,2009223.0833333335,2014430.5,2020860.8333333335,2027708.4666666666,2032605.85,12.704201400327296,12.716601478841788,12.738463576688533,12.771478570437722,12.812246849297399,12.85566080791989,12.88671019199786
PACE-FLU-SEV,2025/2026,40,Cases,State,Nasarawa,3632239,319658.4,320121.36666666664,320976.1666666666,322028,323457.5,325097.43333333335,326338.30000000005,8.800588287279552,8.813334328128372,8.83686802180877,8.865826285109543,8.905182175512127,8.950331553990068,8.984494137087346
PACE-FLU-SEV,2025/2026,40,Cases,State,Niger,6720617,626658.8,627407.2,628920,631091,633750.0833333334,637035.8,639581.1,9.324423635508467,9.335559517824034,9.358069355834441,9.39037293748476,9.429938997168463,9.478829101554217,9.516702112320937
PACE-FLU-SEV,2025/2026,40,Cases,State,Ogun,6445275,733677.8,734522.1,735998.5,737926,740509.1666666666,743483.7,745652.75,11.383188459763161,11.396287978402784,11.419194681375117,11.449100309916954,11.489178765322919,11.535329369189057,11.568982704384219
PACE-FLU-SEV,2025/2026,40,Cases,State,Ondo,5469707,609052.7,609606.8333333334,610821.8333333333,612533,614777.9166666666,617496.2666666666,619431.35,11.135015093130217,11.145146044081216,11.16735929974555,11.198643729910945,11.239686452430938,11.28938472694546,11.324762916916756
PACE-FLU-SEV,2025/2026,40,Cases,State,Osun,4237396,349035.75,349510.36666666664,350419,351653.5,353447.5833333334,355378.23333333334,356928.69999999995,8.237034018062037,8.248234686271159,8.269677887079707,8.29881134545839,8.34115063433612,8.38671281450526,8.42330289640147
PACE-FLU-SEV,2025/2026,40,Cases,State,Oyo,7512855,635291.8,636091.4333333333,637882.9166666666,640152.5,643194.5,646579.8,649111,8.456063640253937,8.466707175013138,8.490552748145234,8.520762080460756,8.561252679573876,8.606312779895259,8.640004365850267
PACE-FLU-SEV,2025/2026,40,Cases,State,Plateau,5400974,562194.15,562902.2,564090,565752,567941.75,570384.3333333334,572222.5,10.409125279995793,10.422234952436357,10.44422728196803,10.474999509347757,10.51554312240718,10.560767989872444,10.594801974606803
PACE-FLU-SEV,2025/2026,40,Cases,State,Rivers,7234973,627652.7,628483.8333333334,630134.3333333334,632279.5,635189.8333333333,638715.9666666667,640931.8,8.675259741812443,8.6867474603337609,8.709560261431982,8.739210222346372,8.77943612689824,8.828173466116137,8.858800164147123
PACE-FLU-SEV,2025/2026,40,Cases,State,Sokoto,6163187,519197.55000000005,520060.4666666667,521363,523255.5,525384.75,527922.5333333333,529796.55,8.424173240240805,8.43817438391317,8.459308471412598,8.49001498737585,8.524562860091702,8.565739337997261,8.59614595500672
PACE-FLU-SEV,2025/2026,40,Cases,State,Taraba,4331885,454747.8,455285,456181.4166666667,457591.5,459321.5833333334,461191.3333333333,462789.94999999995,10.49768865055282,10.510089718448205,10.530783173299074,10.56333443754855,10.603272786173534,10.646435289333242,10.683338777460621
PACE-FLU-SEV,2025/2026,40,Cases,State,Yobe,4350401,372458.05,372959.4666666667,373966.4166666666,375277,376850.5833333334,378520.7,379766.75,8.561464793705225,8.572990551139233,8.59613669329946,8.62626226869661,8.662433263814838,8.700823211469471,8.729465398706925
PACE-FLU-SEV,2025/2026,40,Cases,State,Zamfara,5517793,417521.1,418279.7333333333,419497.4166666667,421201,423195,425800.3333333334,427351.6,7.566813398037948,7.580562252576951,7.602630556576999,7.633504917636454,7.669642554550343,7.716859500407741,7.744973397878464
PACE-FLU-SEV,2025/2026,40,Cases,Zone,NC,36557326,3461002.25,3464550.833333333,3471491.333333333,3481371,3493491.333333333,3507487.2,3517676.25,9.467328792045677,9.477035692745506,9.496020943471995,9.523046078370175,9.556200399704654,9.594485110863962,9.62235654216066
PACE-FLU-SEV,2025/2026,40,Cases,Zone,NE,32734949,2927422.05,2930413.033333333,2935810.8333333335,2943037,2953270,2964021.033333333,2972861.85,8.942803149013614,8.95194012165204,8.968429531792866,8.990504307796538,9.021764475637339,9.054607151926014,9.081614423776863
PACE-FLU-SEV,2025/2026,40,Cases,Zone,NW,58539886,5188369.3,5193784.1,5203684.833333333,5217263.5,5234809.75,5252881.833333333,5267758.15,8.862964475195596,8.872214236973404,8.889127036108906,8.912322617095633,8.942295770784385,8.973167172435787,8.998579447182387
PACE-FLU-SEV,2025/2026,40,Cases,Zone,SE,27612828,2948336.3,2951401.5,2956840.916666667,2964116.5,2974717.6666666665,2985286.8666666667,2993512,10.67741522164988,10.688515859367973,10.7082147350741,10.73456329789908,10.77295547803603,10.81123189072364,10.84101925380479
PACE-FLU-SEV,2025/2026,40,Cases,Zone,SS,31220652,3002461.55,3005827.166666667,3011535.0833333335,3020240.5,3031361.9166666665,3043496.1666666665,3053909.15,9.616908545023339,9.62768864233414,9.645971145424298,9.673854665174833,9.70947665239876,9.748342752952972,9.781695622500132
PACE-FLU-SEV,2025/2026,40,Cases,Zone,SW,42836294,4722448,4726487.133333333,4736002.416666666,4747536,4763744.75,4780667.800000001,4793747.45,11.024408414042542,11.033837645556671,11.056050779431729,11.082975572069797,11.120814396315422,11.160320731760784,11.190854769089034
PACE-FLU-SEV,2025/2026,40,Cases,Macro,North,127832161,11580297.7,11592532.533333333,11612517.583333332,11641952.5,11678901.25,11722207.033333333,11753890.85,9.058986102879071,9.068557116337363,9.084190936374245,9.10721715797326,9.136121269200792,9.169998333465813,9.194783815005676
PACE-FLU-SEV,2025/2026,40,Cases,Macro,South,101669774,10674725,10685481.166666666,10705360.916666668,10733250,10769144.333333332,10809210.6,10837600.9,10.499408604960605,10.509988117674647,10.529541372509264,10.556972419354448,10.592277241939511,10.631685480091654,10.65960951186928
PACE-FLU-SEV,2025/2026,40,Cases,National,Nigeria,229501935,22263667.5,22282733.2,22320508.166666664,22376645,22443659.416666664,22522567.2,22580141.95,9.70086265285737,9.709170077367757,9.725629619056008,9.750089906649372,9.779289842007941,9.813672028516883,9.838758854037549
PACE-FLU-SEV,2025/2026,40,Hospitalizations,State,Abia,4841943,7568,7579,7601,7631,7671,7715.633333333333,7755.65,NA,NA,NA,NA,NA,NA,NA
PACE-FLU-SEV,2025/2026,40,Hospitalizations,State,Adamawa,5236948,6836,6845,6869,6896,6933,6973,7003,NA,NA,NA,NA,NA,NA,NA
PACE-FLU-SEV,2025/2026,40,Hospitalizations,State,Akwa Ibom,5780581,8436,8449,8474,8508,8551,8607,8641.3,NA,NA,NA,NA,NA,NA,NA
PACE-FLU-SEV,2025/2026,40,Hospitalizations,State,Anambra,7299910,11225.35,11242,11275,11321,11377,11447,11495,NA,NA,NA,NA,NA,NA,NA
PACE-FLU-SEV,2025/2026,40,Hospitalizations,State,Bauchi,7540663,9614,9631,9663,9701.5,9747,9805,9843,NA,NA,NA,NA,NA,NA,NA
PACE-FLU-SEV,2025/2026,40,Hospitalizations,State,Bayelsa,2394725,3758,3763,3774,3790,3808,3831.633333333333,3848,NA,NA,NA,NA,NA,NA,NA
PACE-FLU-SEV,2025/2026,40,Hospitalizations,State,Benue,6687706,8207,8223,8250,8291,8340,8401,8444.65,NA,NA,NA,NA,NA,NA,NA
PACE-FLU-SEV,2025/2026,40,Hospitalizations,State,Borno,6651590,7418,7433,7457,7489,7529,7574.633333333333,7609,NA,NA,NA,NA,NA,NA,NA
PACE-FLU-SEV,2025/2026,40,Hospitalizations,State,Cross River,4175020,7095,7106,7126,7151,7184,7221.633333333334,7257.3,NA,NA,NA,NA,NA,NA,NA
PACE-FLU-SEV,2025/2026,40,Hospitalizations,State,Delta,6107543,9365,9381,9410,9447,9495,9555,9602.650000000001,NA,NA,NA,NA,NA,NA,NA
PACE-FLU-SEV,2025/2026,40,Hospitalizations,State,Ebonyi,4007155,6037,6046,6064,6087,6119,6156,6187,NA,NA,NA,NA,NA,NA,NA
PACE-FLU-SEV,2025/2026,40,Hospitalizations,State,Edo,5527810,9116,9127,9153,9188.5,9232.583333333332,9288,9322,NA,NA,NA,NA,NA,NA,NA
PACE-FLU-SEV,2025/2026,40,Hospitalizations,State,Ekiti,3398177,5549,5556.366666666667,5572,5595,5620,5652,5672.65,NA,NA,NA,NA,NA,NA,NA
PACE-FLU-SEV,2025/2026,40,Hospitalizations,State,Enugu,5396098,8682.349999999999,8694,8717,8751,8792,8841,8880.65,NA,NA,NA,NA,NA,NA,NA
PACE-FLU-SEV,2025/2026,40,Hospitalizations,State,FCT,4802443,9815,9828,9856,9892,9942,9997,10039,NA,NA,NA,NA,NA,NA,NA
PACE-FLU-SEV,2025/2026,40,Hospitalizations,State,Gombe,4623462,5518,5528,5547,5571,5602,5639,5662,NA,NA,NA,NA,NA,NA,NA
PACE-FLU-SEV,2025/2026,40,Hospitalizations,State,Imo,6067722,9098,9112,9138,9176,9224,9282.633333333333,9323.65,NA,NA,NA,NA,NA,NA,NA
PACE-FLU-SEV,2025/2026,40,Hospitalizations,State,Jigawa,6979080,7967,7981,8005,8040,8084,8132,8170.6500000000005,NA,NA,NA,NA,NA,NA,NA
PACE-FLU-SEV,2025/2026,40,Hospitalizations,State,Kaduna,8324285,11671,11691,11729,11779,11846,11918.266666666666,11974.300000000001,NA,NA,NA,NA,NA,NA,NA
PACE-FLU-SEV,2025/2026,40,Hospitalizations,State,Kano,16253549,18344,18379,18441,18533,18651,18783.63333333333,18874.300000000003,NA,NA,NA,NA,NA,NA,NA
PACE-FLU-SEV,2025/2026,40,Hospitalizations,State,Katsina,9300382,11061.35,11077,11111,11158,11212.583333333332,11275,11318.650000000001,NA,NA,NA,NA,NA,NA,NA
PACE-FLU-SEV,2025/2026,40,Hospitalizations,State,Kebbi,6001610,6879,6889,6915,6944,6982,7020,7053,NA,NA,NA,NA,NA,NA,NA
PACE-FLU-SEV,2025/2026,40,Hospitalizations,State,Kogi,5053734,7894,7907,7928,7958,7997,8043.633333333333,8071,NA,NA,NA,NA,NA,NA,NA
PACE-FLU-SEV,2025/2026,40,Hospitalizations,State,Kwara,4259613,5984,5991,6009,6033,6064,6097,6124.65,NA,NA,NA,NA,NA,NA,NA
PACE-FLU-SEV,2025/2026,40,Hospitalizations,State,Lagos,15772884,30710,30752.36666666667,30834.416666666664,30949.5,31097,31255,31364,NA,NA,NA,NA,NA,NA,NA
PACE-FLU-SEV,2025/2026,40,Hospitalizations,State,Nasarawa,3632239,6107,6115,6131,6154,6181,6213,6235,NA,NA,NA,NA,NA,NA,NA
PACE-FLU-SEV,2025/2026,40,Hospitalizations,State,Niger,6720617,8522,8537,8566,8608,8655,8718.633333333333,8758.650000000001,NA,NA,NA,NA,NA,NA,NA
PACE-FLU-SEV,2025/2026,40,Hospitalizations,State,Ogun,6445275,9235,9251,9280,9321,9372.583333333332,9428,9470.650000000001,NA,NA,NA,NA,NA,NA,NA
PACE-FLU-SEV,2025/2026,40,Hospitalizations,State,Ondo,5469707,9338,9351,9376,9412,9452.583333333332,9506,9548,NA,NA,NA,NA,NA,NA,NA
PACE-FLU-SEV,2025/2026,40,Hospitalizations,State,Osun,4237396,6856,6865,6883,6909,6943,6980,7012,NA,NA,NA,NA,NA,NA,NA
PACE-FLU-SEV,2025/2026,40,Hospitalizations,State,Oyo,7512855,12305,12324,12356,12409,12469.583333333334,12536,12594.650000000001,NA,NA,NA,NA,NA,NA,NA
PACE-FLU-SEV,2025/2026,40,Hospitalizations,State,Plateau,5400974,6893,6905,6928,6959,6996,7043,7074,NA,NA,NA,NA,NA,NA,NA
PACE-FLU-SEV,2025/2026,40,Hospitalizations,State,Rivers,7234973,12168,12186.366666666665,12218,12265,12325,12391,12437,NA,NA,NA,NA,NA,NA,NA
PACE-FLU-SEV,2025/2026,40,Hospitalizations,State,Sokoto,6163187,6101,6114,6138,6172.5,6213,6257,6293.65,NA,NA,NA,NA,NA,NA,NA
PACE-FLU-SEV,2025/2026,40,Hospitalizations,State,Taraba,4331885,5216,5226,5245,5267,5296,5328,5349,NA,NA,NA,NA,NA,NA,NA
PACE-FLU-SEV,2025/2026,40,Hospitalizations,State,Yobe,4350401,4179,4188,4204,4226,4253,4283,4303,NA,NA,NA,NA,NA,NA,NA
PACE-FLU-SEV,2025/2026,40,Hospitalizations,State,Zamfara,5517793,6369.35,6382,6404,6432,6468,6505.633333333333,6534,NA,NA,NA,NA,NA,NA,NA
PACE-FLU-SEV,2025/2026,40,Hospitalizations,Zone,NC,36557326,53576,53633,53755,53907.5,54118.58333333333,54358,54521.600000000006,NA,NA,NA,NA,NA,NA,NA
PACE-FLU-SEV,2025/2026,40,Hospitalizations,Zone,NE,32734949,38925,38973.36666666667,39052.416666666664,39166,39299,39468.63333333333,39584.65,NA,NA,NA,NA,NA,NA,NA
PACE-FLU-SEV,2025/2026,40,Hospitalizations,Zone,NW,58539886,68635.70000000001,68713,68883,69084.5,69349.58333333333,69675.26666666666,69867.3,NA,NA,NA,NA,NA,NA,NA
PACE-FLU-SEV,2025/2026,40,Hospitalizations,Zone,SE,27612828,42693,42746,42843,42975,43157.58333333333,43345.63333333333,43500.95,NA,NA,NA,NA,NA,NA,NA
PACE-FLU-SEV,2025/2026,40,Hospitalizations,Zone,SS,31220652,50038.350000000006,50105,50210,50364,50555.583333333336,50773.63333333333,50982.6,NA,NA,NA,NA,NA,NA,NA
PACE-FLU-SEV,2025/2026,40,Hospitalizations,Zone,SW,42836294,74125,74203.36666666667,74381,74611,74912.16666666667,75229.63333333333,75466.65,NA,NA,NA,NA,NA,NA,NA
PACE-FLU-SEV,2025/2026,40,Hospitalizations,Macro,North,127832161,161254.4,161421.36666666667,161739.25,162164.5,162717.5833333333,163357,163794.75,NA,NA,NA,NA,NA,NA,NA
PACE-FLU-SEV,2025/2026,40,Hospitalizations,Macro,South,101669774,166933.34999999998,167106.36666666667,167462.83333333334,167972,168606.9166666667,169286.16666666666,169835.5,NA,NA,NA,NA,NA,NA,NA
PACE-FLU-SEV,2025/2026,40,Hospitalizations,National,Nigeria,229501935,328281.75,328604,329227.6666666667,330189.5,331256.5833333333,332475.1666666666,333396.9,NA,NA,NA,NA,NA,NA,NA
PACE-FLU-SEV,2025/2026,40,Deaths,State,Abia,4841943,676,677,679,682,686,690,693,NA,NA,NA,NA,NA,NA,NA
PACE-FLU-SEV,2025/2026,40,Deaths,State,Adamawa,5236948,815,817,820,825,830,835,839,NA,NA,NA,NA,NA,NA,NA
PACE-FLU-SEV,2025/2026,40,Deaths,State,Akwa Ibom,5780581,700,702,704,708,712,717,720,NA,NA,NA,NA,NA,NA,NA
PACE-FLU-SEV,2025/2026,40,Deaths,State,Anambra,7299910,904,906,909,913,918.5833333333333,924,929,NA,NA,NA,NA,NA,NA,NA
PACE-FLU-SEV,2025/2026,40,Deaths,State,Bauchi,7540663,1093,1096,1101,1107,1115,1122,1127,NA,NA,NA,NA,NA,NA,NA
PACE-FLU-SEV,2025/2026,40,Deaths,State,Bayelsa,2394725,377,377,379,381,384,387,389,NA,NA,NA,NA,NA,NA,NA
PACE-FLU-SEV,2025/2026,40,Deaths,State,Benue,6687706,874,876,879,884,890.5833333333333,898,903,NA,NA,NA,NA,NA,NA,NA
PACE-FLU-SEV,2025/2026,40,Deaths,State,Borno,6651590,1112,1115,1119,1125,1132,1140,1145,NA,NA,NA,NA,NA,NA,NA
PACE-FLU-SEV,2025/2026,40,Deaths,State,Cross River,4175020,520,522,524,527,531,534,538,NA,NA,NA,NA,NA,NA,NA
PACE-FLU-SEV,2025/2026,40,Deaths,State,Delta,6107543,785,786,789,792,797,801,805,NA,NA,NA,NA,NA,NA,NA
PACE-FLU-SEV,2025/2026,40,Deaths,State,Ebonyi,4007155,462,463,465,468,471,475,478,NA,NA,NA,NA,NA,NA,NA
PACE-FLU-SEV,2025/2026,40,Deaths,State,Edo,5527810,549,550,552,555.5000000000001,559,563,566,NA,NA,NA,NA,NA,NA,NA
PACE-FLU-SEV,2025/2026,40,Deaths,State,Ekiti,3398177,395,395,397,399,402,405,407,NA,NA,NA,NA,NA,NA,NA
PACE-FLU-SEV,2025/2026,40,Deaths,State,Enugu,5396098,651,652,654,658,661,666,669,NA,NA,NA,NA,NA,NA,NA
PACE-FLU-SEV,2025/2026,40,Deaths,State,FCT,4802443,436,437,439,442,445.58333333333326,449,451,NA,NA,NA,NA,NA,NA,NA
PACE-FLU-SEV,2025/2026,40,Deaths,State,Gombe,4623462,830,832,835,840,845,850,853,NA,NA,NA,NA,NA,NA,NA
PACE-FLU-SEV,2025/2026,40,Deaths,State,Imo,6067722,781,782,785,788,792,797,801,NA,NA,NA,NA,NA,NA,NA
PACE-FLU-SEV,2025/2026,40,Deaths,State,Jigawa,6979080,1347,1349,1353,1359,1367,1374,1380,NA,NA,NA,NA,NA,NA,NA
PACE-FLU-SEV,2025/2026,40,Deaths,State,Kaduna,8324285,1169,1172,1176,1182,1189,1197,1203,NA,NA,NA,NA,NA,NA,NA
PACE-FLU-SEV,2025/2026,40,Deaths,State,Kano,16253549,2090,2094,2102,2113,2125,2139,2150,NA,NA,NA,NA,NA,NA,NA
PACE-FLU-SEV,2025/2026,40,Deaths,State,Katsina,9300382,1349,1353,1358,1364,1373,1382,1388.65,NA,NA,NA,NA,NA,NA,NA
PACE-FLU-SEV,2025/2026,40,Deaths,State,Kebbi,6001610,1096,1098,1102,1108,1114,1121,1125,NA,NA,NA,NA,NA,NA,NA
PACE-FLU-SEV,2025/2026,40,Deaths,State,Kogi,5053734,809,810,813,817,822,827,831,NA,NA,NA,NA,NA,NA,NA
PACE-FLU-SEV,2025/2026,40,Deaths,State,Kwara,4259613,609,610,612,615,619,623,625,NA,NA,NA,NA,NA,NA,NA
PACE-FLU-SEV,2025/2026,40,Deaths,State,Lagos,15772884,960,963,967,973,980,987,993,NA,NA,NA,NA,NA,NA,NA
PACE-FLU-SEV,2025/2026,40,Deaths,State,Nasarawa,3632239,425,426,428,431,434,438,441,NA,NA,NA,NA,NA,NA,NA
PACE-FLU-SEV,2025/2026,40,Deaths,State,Niger,6720617,913,915,919,924,930,936,941,NA,NA,NA,NA,NA,NA,NA
PACE-FLU-SEV,2025/2026,40,Deaths,State,Ogun,6445275,801,802,805,809,813,818,822,NA,NA,NA,NA,NA,NA,NA
PACE-FLU-SEV,2025/2026,40,Deaths,State,Ondo,5469707,540,541,544,547,551,555,558,NA,NA,NA,NA,NA,NA,NA
PACE-FLU-SEV,2025/2026,40,Deaths,State,Osun,4237396,652,653,655,658,662,666,669,NA,NA,NA,NA,NA,NA,NA
PACE-FLU-SEV,2025/2026,40,Deaths,State,Oyo,7512855,783,785,789,792,797,803,807,NA,NA,NA,NA,NA,NA,NA
PACE-FLU-SEV,2025/2026,40,Deaths,State,Plateau,5400974,720,722,724,729,733,738,742,NA,NA,NA,NA,NA,NA,NA
PACE-FLU-SEV,2025/2026,40,Deaths,State,Rivers,7234973,930,932,935,939,944,950,954,NA,NA,NA,NA,NA,NA,NA
PACE-FLU-SEV,2025/2026,40,Deaths,State,Sokoto,6163187,883,885,889,895,901,908,913,NA,NA,NA,NA,NA,NA,NA
PACE-FLU-SEV,2025/2026,40,Deaths,State,Taraba,4331885,719,720,724,727,732,738,741,NA,NA,NA,NA,NA,NA,NA
PACE-FLU-SEV,2025/2026,40,Deaths,State,Yobe,4350401,785,786,789,793,799,804,808,NA,NA,NA,NA,NA,NA,NA
PACE-FLU-SEV,2025/2026,40,Deaths,State,Zamfara,5517793,961,963,967,972,979,986,990,NA,NA,NA,NA,NA,NA,NA
PACE-FLU-SEV,2025/2026,40,Deaths,Zone,NC,36557326,4811,4816,4828,4845,4863,4886,4904.65,NA,NA,NA,NA,NA,NA,NA
PACE-FLU-SEV,2025/2026,40,Deaths,Zone,NE,32734949,5382,5389,5403,5420,5440,5462.633333333333,5479,NA,NA,NA,NA,NA,NA,NA
PACE-FLU-SEV,2025/2026,40,Deaths,Zone,NW,58539886,8939,8949,8969,8997,9029,9067,9092,NA,NA,NA,NA,NA,NA,NA
PACE-FLU-SEV,2025/2026,40,Deaths,Zone,SE,27612828,3486,3491,3499,3510,3524,3540,3550.65,NA,NA,NA,NA,NA,NA,NA
PACE-FLU-SEV,2025/2026,40,Deaths,Zone,SS,31220652,3876,3881,3892,3905,3921,3937,3952,NA,NA,NA,NA,NA,NA,NA
PACE-FLU-SEV,2025/2026,40,Deaths,Zone,SW,42836294,4148,4154,4165,4180,4198,4219.633333333333,4234,NA,NA,NA,NA,NA,NA,NA
PACE-FLU-SEV,2025/2026,40,Deaths,Macro,North,127832161,19153.35,19173,19212,19259,19327,19397.633333333335,19441,NA,NA,NA,NA,NA,NA,NA
PACE-FLU-SEV,2025/2026,40,Deaths,Macro,South,101669774,11521,11532,11561,11596,11639,11684.633333333333,11723.65,NA,NA,NA,NA,NA,NA,NA
PACE-FLU-SEV,2025/2026,40,Deaths,National,Nigeria,229501935,30688,30718,30779,30859.5,30957.583333333332,31074,31151.65,NA,NA,NA,NA,NA,NA,NA
