spatial_level,location,peak_week,n_draws,probability
State,Abia,16,2000,1
State,Adamawa,17,2000,1
State,Akwa Ibom,14,2000,1
State,Anambra,15,2000,1
State,Bauchi,17,2000,1
State,Bayelsa,15,2000,1
State,Benue,17,2000,1
State,Borno,18,2000,1
State,Cross River,16,2000,1
State,Delta,15,2000,1
State,Ebonyi,15,2000,1
State,Edo,16,2000,1
State,Ekiti,15,2000,1
State,Enugu,17,2000,1
State,FCT,16,2000,1
State,Gombe,18,2000,1
State,Imo,15,2000,1
State,Jigawa,19,2000,1
State,Kaduna,17,2000,1
State,Kano,18,2000,1
State,Katsina,18,2000,1
State,Kebbi,17,2000,1
State,Kogi,16,2000,1
State,Kwara,17,2000,1
State,Lagos,15,2000,1
State,Nasarawa,16,2000,1
State,Niger,17,2000,1
State,Ogun,15,2000,1
State,Ondo,16,2000,1
State,Osun,16,2000,1
State,Oyo,15,2000,1
State,Plateau,17,2000,1
State,Rivers,15,2000,1
State,Sokoto,18,2000,1
State,Taraba,17,2000,1
State,Yobe,17,2000,1
State,Zamfara,17,2000,1
Zone,NC,16,2000,1
Zone,NE,17,2000,1
Zone,NW,18,2000,1
Zone,SE,15,2000,1
Zone,SS,15,2000,1
Zone,SW,15,2000,1
Macro,North,17,2000,1
Macro,South,15,2000,1
National,Nigeria,15,2000,1
