spatial_level,location,modal_peak_week,probability_modal_peak_week,peak_incidence_q05_per100k,peak_incidence_q10_per100k,peak_incidence_q25_per100k,peak_incidence_median_per100k,peak_incidence_q75_per100k,peak_incidence_q90_per100k,peak_incidence_q95_per100k
State,Abia,16,1,2773.5972934832153,2773.5972934832153,2773.5972934832153,2773.5972934832153,2773.5972934832153,2773.5972934832153,2773.5972934832153
State,Adamawa,17,1,1953.4469313042634,1953.4469313042634,1953.4469313042634,1953.4469313042634,1953.4469313042634,1953.4469313042634,1953.4469313042634
State,Akwa Ibom,14,1,2247.0924635430247,2247.0924635430247,2247.0924635430247,2247.0924635430247,2247.0924635430247,2247.0924635430247,2247.0924635430247
State,Anambra,15,1,1968.435227283624,1968.435227283624,1968.435227283624,1968.435227283624,1968.435227283624,1968.435227283624,1968.435227283624
State,Bauchi,17,1,1954.350698340451,1954.350698340451,1954.350698340451,1954.350698340451,1954.350698340451,1954.350698340451,1954.350698340451
State,Bayelsa,15,1,2024.1572623161323,2024.1572623161323,2024.1572623161323,2024.1572623161323,2024.1572623161323,2024.1572623161323,2024.1572623161323
State,Benue,17,1,2003.3027767668016,2003.3027767668016,2003.3027767668016,2003.3027767668016,2003.3027767668016,2003.3027767668016,2003.3027767668016
State,Borno,18,1,1287.135857742284,1287.135857742284,1287.135857742284,1287.135857742284,1287.135857742284,1287.135857742284,1287.135857742284
State,Cross River,16,1,2096.7564227237235,2096.7564227237235,2096.7564227237235,2096.7564227237235,2096.7564227237235,2096.7564227237235,2096.7564227237235
State,Delta,15,1,2394.8746656388666,2394.8746656388666,2394.8746656388666,2394.8746656388666,2394.8746656388666,2394.8746656388666,2394.8746656388666
State,Ebonyi,15,1,2847.032370846648,2847.032370846648,2847.032370846648,2847.032370846648,2847.032370846648,2847.032370846648,2847.032370846648
State,Edo,16,1,2808.381619484027,2808.381619484027,2808.381619484027,2808.381619484027,2808.381619484027,2808.381619484027,2808.381619484027
State,Ekiti,15,1,2919.5948298161043,2919.5948298161043,2919.5948298161043,2919.5948298161043,2919.5948298161043,2919.5948298161043,2919.5948298161043
State,Enugu,17,1,2029.2440945290468,2029.2440945290468,2029.2440945290468,2029.2440945290468,2029.2440945290468,2029.2440945290468,2029.2440945290468
State,FCT,16,1,3119.5372855023993,3119.5372855023993,3119.5372855023993,3119.5372855023993,3119.5372855023993,3119.5372855023993,3119.5372855023993
State,Gombe,18,1,1426.6582054745988,1426.6582054745988,1426.6582054745988,1426.6582054745988,1426.6582054745988,1426.6582054745988,1426.6582054745988
State,Imo,15,1,2422.226990623499,2422.226990623499,2422.226990623499,2422.226990623499,2422.226990623499,2422.226990623499,2422.226990623499
State,Jigawa,19,1,1837.3768462318815,1837.3768462318815,1837.3768462318815,1837.3768462318815,1837.3768462318815,1837.3768462318815,1837.3768462318815
State,Kaduna,17,1,2399.4493220739078,2399.4493220739078,2399.4493220739078,2399.4493220739078,2399.4493220739078,2399.4493220739078,2399.4493220739078
State,Kano,18,1,2369.082592361828,2369.082592361828,2369.082592361828,2369.082592361828,2369.082592361828,2369.082592361828,2369.082592361828
State,Katsina,18,1,1946.715737052521,1946.715737052521,1946.715737052521,1946.715737052521,1946.715737052521,1946.715737052521,1946.715737052521
State,Kebbi,17,1,1399.174554827788,1399.174554827788,1399.174554827788,1399.174554827788,1399.174554827788,1399.174554827788,1399.174554827788
State,Kogi,16,1,1498.575112975871,1498.575112975871,1498.575112975871,1498.575112975871,1498.575112975871,1498.575112975871,1498.575112975871
State,Kwara,17,1,2072.3478870028803,2072.3478870028803,2072.3478870028803,2072.3478870028803,2072.3478870028803,2072.3478870028803,2072.3478870028803
State,Lagos,15,1,4201.546147172578,4201.546147172578,4201.546147172578,4201.546147172578,4201.546147172578,4201.546147172578,4201.546147172578
State,Nasarawa,16,1,2036.2096216686182,2036.2096216686182,2036.2096216686182,2036.2096216686182,2036.2096216686182,2036.2096216686182,2036.2096216686182
State,Niger,17,1,1752.5771815296125,1752.5771815296125,1752.5771815296125,1752.5771815296125,1752.5771815296125,1752.5771815296125,1752.5771815296125
State,Ogun,15,1,3697.095934618771,3697.095934618771,3697.095934618771,3697.095934618771,3697.095934618771,3697.095934618771,3697.095934618771
State,Ondo,16,1,3230.5569567071875,3230.5569567071875,3230.5569567071875,3230.5569567071875,3230.5569567071875,3230.5569567071875,3230.5569567071875
State,Osun,16,1,1892.4358261536095,1892.4358261536095,1892.4358261536095,1892.4358261536095,1892.4358261536095,1892.4358261536095,1892.4358261536095
State,Oyo,15,1,2526.48294157148,2526.48294157148,2526.48294157148,2526.48294157148,2526.48294157148,2526.48294157148,2526.48294157148
State,Plateau,17,1,1755.479659779884,1755.479659779884,1755.479659779884,1755.479659779884,1755.479659779884,1755.479659779884,1755.479659779884
State,Rivers,15,1,1749.3638193259326,1749.3638193259326,1749.3638193259326,1749.3638193259326,1749.3638193259326,1749.3638193259326,1749.3638193259326
State,Sokoto,18,1,2405.4275815418223,2405.4275815418223,2405.4275815418223,2405.4275815418223,2405.4275815418223,2405.4275815418223,2405.4275815418223
State,Taraba,17,1,2600.57688512045,2600.57688512045,2600.57688512045,2600.57688512045,2600.57688512045,2600.57688512045,2600.57688512045
State,Yobe,17,1,1730.5071417554382,1730.5071417554382,1730.5071417554382,1730.5071417554382,1730.5071417554382,1730.5071417554382,1730.5071417554382
State,Zamfara,17,1,1708.7991521247716,1708.7991521247716,1708.7991521247716,1708.7991521247716,1708.7991521247716,1708.7991521247716,1708.7991521247716
Zone,NC,16,1,1761.3815627543436,1761.3815627543436,1761.3815627543436,1761.3815627543436,1761.3815627543436,1761.3815627543436,1761.3815627543436
Zone,NE,17,1,1719.437534483405,1719.437534483405,1719.437534483405,1719.437534483405,1719.437534483405,1719.437534483405,1719.437534483405
Zone,NW,18,1,1637.0342777913847,1637.0342777913847,1637.0342777913847,1637.0342777913847,1637.0342777913847,1637.0342777913847,1637.0342777913847
Zone,SE,15,1,2296.081372034766,2296.081372034766,2296.081372034766,2296.081372034766,2296.081372034766,2296.081372034766,2296.081372034766
Zone,SS,15,1,2091.7019926425623,2091.7019926425623,2091.7019926425623,2091.7019926425623,2091.7019926425623,2091.7019926425623,2091.7019926425623
Zone,SW,15,1,3223.329730625156,3223.329730625156,3223.329730625156,3223.329730625156,3223.329730625156,3223.329730625156,3223.329730625156
Macro,North,17,1,1551.913841149881,1551.913841149881,1551.913841149881,1551.913841149881,1551.913841149881,1551.913841149881,1551.913841149881
Macro,South,15,1,2623.996193795021,2623.996193795021,2623.996193795021,2623.996193795021,2623.996193795021,2623.996193795021,2623.996193795021
National,Nigeria,15,1,1561.2317168480517,1561.2317168480517,1561.2317168480517,1561.2317168480517,1561.2317168480517,1561.2317168480517,1561.2317168480517
