model,parameter,mean,sd,q05,median,q95,probability_positive
Cases,beta_memory,0.054030897778,0.012102685094173053,0.034516744800000006,0.0539725905,0.07395352120000001,1
Cases,beta_national,-0.145452569213,0.015649148447183403,-0.1711103035,-0.14526983999999998,-0.120036061,0
Cases,beta_borrow,0.892392746195,0.02005168977160305,0.8583626035,0.8924882949999999,0.9241658995,1
Cases,beta_phase,0.4104165177045,0.10941716822846727,0.224595132,0.41393216,0.5861927954999999,1
Cases,beta_interaction,0.327718861085,0.024079891928906784,0.2882793865,0.32705087,0.3676842715,1
Hospitalizations,beta_case,0.75985960877,0.010469324726594788,0.7422470525,0.760177595,0.7773334435,1
Hospitalizations,beta_hosp_memory,0.21552932719,0.00988495419526484,0.199092723,0.215444765,0.231841777,1
Hospitalizations,beta_phase,0.604854619875,0.03941881626019672,0.5402994605,0.60538822,0.6682698629999999,1
Deaths,beta_case,0.521782620345,0.020327873939440428,0.48801895650000005,0.5219959249999999,0.5544572980000001,1
Deaths,beta_hosp,0.37167159142,0.020350845822948535,0.338754694,0.37142670499999997,0.4050412515,1
Deaths,beta_death_memory,0.1042540549005,0.01329518423739377,0.0825798509,0.104403775,0.1262265735,1
Deaths,beta_phase,0.29096388881,0.05551353590017247,0.195755657,0.289775825,0.384495656,1
